2018年,12月,3,三個月從曼谷返台一次，這次很倒楣，來回隔壁都坐了“特殊客”，空姐很吵，因為會一直來問候經濟艙的特殊客。曼谷航線還是常搭到舊飛機，螢幕小又常故障，飛機餐一直在退步，公司買單的就只好忍忍了。
2018年,12月,3,早上大家都在排隊，經濟艙排很長無人服務近20分鐘，後來反應地勤才來處理。所有地勤全在服務：自助報到，團客，特殊等級，經濟艙服務櫃臺全空，旁邊櫃臺也裝作沒看到。後來反應地勤才分自助報到櫃臺其中一個櫃臺來服務經濟艙，真的很扯。
2018年,12月,1,爛透了 一群少爺小姐型的空服，連幫忙都不願意，爛爛爛，怎麼還不倒閉，一點幫助都沒有的空服，規矩最好你們都乖乖執行
2018年,12月,1,和別航空公司比起來 電影真的很少新片 大部分是舊片 根本幾乎沒有上映中的片子 更別說別家航空公司還提供未上映的電影
2018年,12月,2,坐過多次、多家、不同航線的班機，這個可以排在倒數前幾名。由於台灣飛來誤點，樟宜機場滿機的旅客擁擠候機室，甚至席地而坐，最後到達時延遲近兩小時。可能因為時間匆促，飛機清理草率不潔，置物袋地上殘留渣屑，更傻眼的是螢幕桌面沾黏食物，需請空服員處理。舊型客機座位窄螢幕小很不舒服，餐點簡陋口味差，以後會盡量避免再搭此班機，甚至華航。
2018年,12月,4,新加坡回程前一天巧遇當地大雷雨~ 當天早上班機雖有誤點2.3個小時~ 但還是有後續處理回程的航班+補償餐券 算是有誠意的航空公司~~
2018年,12月,2,了解經濟艙就是要排隊，但還比想像的還要久。現場同時排著往高雄及台北兩航班的旅客，只有天合聯盟高端會員或者華航高端卡客有獨立排隊櫃檯其他都混在同一人龍。官網設立網路報到就沒有什麼意義，還是等等等根本沒有比較快，當天還比安檢及海關還要久......
2018年,12月,5,這次全家到泰國長達半個月的旅遊首先考慮的是時間其次才是價格，因為曾經搭過紅眼班機有不好的經驗，全機不到10人，整個飛航途中靠唸觀世音菩薩渡過??????;回程是半夜也是在機場等到天荒地老，回到家累到不行，所以決定不再搭紅眼班機。這次選擇華航就是因為它的時間很好，價格也能接受。
2018年,12月,5,搭乘的班次是左三排右三排座位，走道空間稍嫌小，但空服人員都很親切，會主動關心乘客需求，也謝謝華航提供一個我們一個舒適又安全的旅行。
2018年,12月,4,"短程旅途,雖沒有機上影音可以欣賞,不過有提供餐點,也準點到達目的地,飛行過程中平穩也無讓人不舒服的吵雜聲,是一趟愉快的飛航經驗"
2018年,12月,4,已經很多年沒有搭華航，對它的經驗不好，起飛降落很莽撞。這次再次定位，大幅改觀，最在意的起飛降落都很平穩，座位舒適，連觸控螢幕都是新的。很喜歡這次的搭乘經驗
2018年,12月,3,機場櫃檯不是24小時營業，夜間到準備做7點多的班機，也無法進入管制區貴賓室休息，只能在外面冷整晚。當長榮、泰航都紛紛改用777或較新較大型飛機，華航居然大量使用737小飛機，有夠吵，影音設備又差，電影幾乎不可見，沒有幾個航班用777，真是失望，由台灣起飛的空中餐點遠不如曼谷回程的餐點美味。曼谷飛回台灣的班機末班改到下午5:30，只要稍微延誤，回到台灣幾乎無法搭機捷、高鐵南下。
2018年,12月,1,中華航空搞了什麼卡，就算是商務艙也是大排長龍的辦登機，甚至比經濟艙還慢。上飛機前也是這個卡的優先，居然有上百位吧，那誰要坐你的商務艙？重點是老婆懷孕大肚子還帶著兩歲孩童，也不問問是否有孕婦可以優先，就讓拿著什麼卡的旅客大約一百多人先登機。以後不會再坐中華航空。
2018年,12月,5,沒想到華航有女性副機長，果真是性別友善的國家的航空公司。飛行平穩舒適，只可惜位子椅距較小。餐點美味（海鮮炒飯）可口，烏龍茶順口不苦澀，相當有水準，令人相當驚艷！沒想到負責華航餐點的泰航空廚也能有如此棒的表現！
2018年,12月,5,本來以為會誤點，沒想到準時起飛還提早抵達曼谷。搭乘CI837是小紅眼班機，機上座位大，對於小紅眼班機的乘坐舒適性是相當足夠，經濟艙電視螢幕小且不靈敏是唯一缺點了，好幾次都挫到被前面旅客瞪，可以改艙的話會更好。餐點美味，華膳空廚很有品質。整體而言飛行相當舒適，不穩定的氣流幾乎沒有，起飛降落都相當平穩，華航真的不一樣了！
2018年,12月,4,第一次搭到華航的誤點班機，這次飛曼谷是晚上約9:30起飛，雖然到登機口有通知誤點，但是前一個小時完全都不說明大概要等多久，前後等了快2個小時，只能ㄧ直耗在登機口，超級無奈
2018年,12月,3,沒什麼不好，只是買了比較貴的票價但沒有比較好的體驗。飛琉球的廉價航空那麼多，很容易可以找到cp值較高的。
2018年,12月,1,自從悲劇的空難後，再不曾坐華航的班機，這次因?時間的關係安排了航班，但，超級糟透的服務讓我以後再不會坐華航，我選擇的是商務倉，從起飛到降落空姊都針對特定客戶在閒聊服務，沒有給我們上餐也沒有水，要喝水還得自己來親自走去跟空姊要，這是商務倉，服務可以如此嗎？在這看到空服員的傲慢，事後與客服申訴，目前亦不見任何處理，真的如果非必要，大家不要選擇坐華航商務倉，泰航的服務都比他們好太多了！
2018年,12月,4,一般飛往曼谷的廉航時間都不好，華航的班次多，可依照預算選擇最佳航班組合，包含30公斤行李和不差的餐點，提前訂位還有機會選擇到經濟倉超值價，十分划算。
2018年,12月,3,到了機場才臨時通知飛機延誤1小時，並且因為更換飛機型號，造成已畫好的座位被強迫變更，登機與行李托運很順利快速，機內經濟艙座位普通，最喜歡機上餐點很好吃。
2018年,12月,4,今年有幾次搭乘華航出國，經驗都挺好的，但沒特別驚豔，維持水平，空姐感覺上比以前兇了一點點，哈哈，大概客人越來越難搞了。
2018年,12月,1,中華航空CI9272018年12月23日晚上19:10由台北飛香港飛機，竟然無帶乘客行李就起飛，也無通知轉機乘客，不負責任不可思議，到了香港也無人通知，只是輸送帶無了行李，乘客自行詢問才告知行李無上機，要等待第二天才送，但到了第2天整個上午至2時半仍未收到行李，也不知道運送時間
2018年,12月,4,搭乘早去晚回的航班，其實滿消耗體力的。但好險航程短，航班也很準時。唯一痛苦的就是這兩個機場的滑行時間都非～常久！空服人員都十分親切、專業！在短時間航程中，提供迅速適切的服務。
2018年,11月,4,每次飛峇里島的不二選擇。除了班機時間很漂亮、最主要是空服員親切有禮貌，經常對顧客很有耐心。座位乾淨舒適、免稅商品也很齊全。
2018年,11月,3,一直是中華航空的忠實乘客，但這次的體驗上沒有特別感覺，尤其是空服人員。唯一有體驗到的是新飛機的舒適與安靜，其他就沒有什麼值得讚許了。
2018年,11月,4,中華航空主打以客為尊，幾次出遊都是搭乘華航，整體的感覺都很好，有時或許是機型的關係，空間上有些侷限，這次是坐737-800型的就顯的有點擁擠，服務人員都很好也很辛苦尤其是飛行時間較短的航班，很推薦大家搭乘中華航空出遊。
2018年,11月,4,是長途旅行的華人很棒的交通工具，空中小姐很忙但是蠻親切又有耐性。語言溝通上毫無障礙；感覺最棒的是餐飲，完全符合胎灣人的習慣。
2018年,11月,4,第三次搭乘中華航空的A350豪華經濟艙，真的很推薦給長途旅行的遊客，有比較大的空間，座椅相對舒適，讓十幾個小時的航程不會太難受。而且法蘭克福到其他歐陸城市的轉機航班非常多，很方便。
2018年,11月,4,從訂位到啟航，除了網路的即時提醒外，這班航班的人員我覺得滿意。以前也有搭過華航，但有一次感覺不是很好，那次的服務人員讓人很高姿態，這次航班的人員對旅客的感覺服務有到位，有禮貌。餐點方面平平，飛機餐怎麼吃其實都一樣。影片的選則很多樣，去程與回程剛好各看了自己想看的電影，開心。
2018年,11月,5,"非常棒的A350-900新飛機,飛機上設備新穎,也相對其他款型飛機舒適,服務耶非常非常優質,餐點中的米飯軟硬適中,不會太硬,也不會過鹹,抵達倫敦的時間也非常理想,這是一個美好的搭乘經驗"
2018年,11月,5,機上空姐服務很好，餐點也不錯，麵包不夠還可以跟他多要一個，可惜沒有U型頸枕，座椅不是很舒適，伸腿空間小，當時前一班飛機DELAY 原以為會影響到我們的時間，沒想到還是在時間內抵達了，覺得整體感覺很不錯！
2018年,11月,5,"晚上11點多的飛機，但華航在機捷台北車站站可以先託運行李，所以早上6點先去託運，當時人很少，走進櫃台報到區服務人員就會上前詢問是搭哪家航空公司的，然後教你怎麼自助報到(特殊情況才會引導到人工櫃台)。飛曼谷的班機通常是在桃機第一航廈，先到華航貴賓室享受美食，但東西很多都空了，最後要點現煮的，但一直沒看到吧檯服務人員，最後等了一會，終於有人出現在吧檯""廚房""，趕快點了一碗牛肉麵，吃起來尚可，但跟外面的牛肉麵比，還是遜了。出發的班機沒有延誤，上飛機後空服人員發餐，整台飛機幾乎都是講泰語的，嚇了一跳，之後餐發完了，麵包還有剩，空服人員再一趟趟詢問是否有人要加吃麵包，第一次遇到飛機餐可以加料，太興奮了!!但去程可能機上幾乎是泰國人，沒有發放入境卡，導致最後在泰國機場為了入境卡遮藤了一番.......回程班機延誤，聽旁邊的乘客講電話說，華航又延誤了，因為我是第一次搭華航，心想，該不會華航很常延誤吧!!! 最後回到國內，行李運輸時間也有點慢，同時段的長榮，大家都領完行李了，華航卻還沒卸行李，延誤到後面搭乘機捷末班車的時間，扣分!但整體飛行服務還是OK。"
2018年,11月,4,"有過商務艙和經濟艙的經驗, 這是第一次搭豪華經濟艙,意外不錯的體驗 有提供盥洗包和拖鞋, 雖然台式排骨飯不怎麼好吃, 不過酸菜很下飯, 還有哈根達斯冰淇淋 服務也相當好"
2018年,11月,4,"座艙的空中小姐服務態度非常好, 很多小動作都看得出是主動關心而不是照章行事 而且雖然這樣說有點失禮, 都相當漂亮 座位寬度已經很足夠, 不過螢幕感應有點差,讀書燈照明的位置調整後也有點不符要照明的書本 早餐的肉燥米粉的肉燥不好吃, 不推薦, 但是麵包很好吃, 水果還附草莓! 最近比較少搭華航, 但這次的感受相當不錯"
2018年,11月,4,服務都很好，也非常準時。只是飛機機型較舊，椅背上的螢幕觸控反應很差，全程都感受得到後方乘客狂點螢幕。
2018年,11月,4,"搭乘中華航空,空服員親切的笑容與服務,讓旅程暖心不少,機上餐點搭配得恰到好處,影音設備也很新穎,完全不會有旅途無聊的問題"
2018年,10月,5,"這次坐華航往返奧克蘭及台北, 去程坐經機艙,回程坐豪華經濟艙, 機艙座位都很舒服, 覺得經濟艙的座位比其他航空公司的還大一點, 很多電影可供選擇, 餐點味道也都不錯, 非常推薦華航!"
2018年,10月,5,新的飛機坐起來空間感比較好，服務良好，餐點也蠻好吃的，設備上也載水準之上，但是這次搭乘應該是塔台的關係，晚了一個多小時才起飛，也因而錯失了雅加達飛往峇里島的國內班機。
2018年,10月,4,每年的二月10-14日前後，在德國的科隆市定期舉辦一個叫 DOMOTECHNICA 的世界性展覽，這是一個非常重要的展覽，同時也是一個最佳時機與參展的廠商見面會談的機會。幾乎每年筆者都會前往，很少缺席，而搭乘華航夜航機由台北經曼谷飛往荷蘭，的確是最佳的選擇，除了可以在機上得到充份的休息，過境與等待時間也是最短的。華航是我常搭的班機，一般言之，機上服務與餐飲品質，均有一定的水準，不輸其他有名的航空公司，而外籍資深機師的加入，也更新了航空界的看法，飛航相當有保障。此次航班讓我最驚訝的是，飛航途中，筆者一直埋首工作，無暇顧及機上餐飲，而該航班空服員適時遞上一杯香茗，著實讓筆者相當開心，非常順利的完成未完成的工作。而更令人驚訝的是，空服員稍後捧來一碗現煮的牛肉麵，一碟辣椒，味道完全不輸台北西門町的桃源街牛肉麵，及水果，香茗，希望筆者吃完後好好休息，真的是非常溫馨，若搭乘其他航空，錯過供餐時間，大概只能空肚撐到下一餐再說，當日班機準點抵達荷蘭SCHIPHOL 機場通關後，在機場地下樓層順利轉搭火車前往德國科隆市。搭乘華航班機前往歐洲，溫馨愉快，是非常不錯的選擇。
2018年,10月,5,機上完美的服務，空服員專業而有禮的態度，為華航長程線的優點之一。機上有位旅客的態度不佳，看到空服員仍有保留著著好脾氣解釋，值得稱讚一下。豐盛的飛機餐，吃得飽飽的，味道也還能接受。
2018年,10月,4,"長期以來,往來兩岸都是優先選擇中華及長榮航空,不僅服務良好,班機準點,餐點及機上設備設施都有一定水準,以短程航班來說,我會持續選擇這家航空"
2018年,10月,4,這次是由台北飛往釜山.機票早在7個月前就預訂了.價格非常棒的.班機整潔度不錯.餐點更美味.服務人員很親切..只是這次可能是有團體包機.小孩子的聲音比較吵一點
2018年,10月,5,從報到櫃檯開始，貴賓室用餐(有很美味的牛肉麵)，搭乘班機，都讓人有很棒的體驗。餐飲內容不錯，也可在搭乘前預選餐點，很可惜是半夜出發的班機，即使食物美味也吃不下。回程時，男性座艙長還親切的一一問候所有的乘客，閒話家常，深深感受華航的細緻服務。
2018年,10月,5,搭乘最新A350的機型，機艙硬體極有水準，餐點超乎意料的好吃，豪華經濟明顯比經濟艙舒服太多，非常推薦預算有限想帶長輩長途旅行的人；空姐服務不錯，只是專業度差一點，另外就是過夜包過於廉價，裡面東西也很少，可以再改善
2018年,10月,3,這次高雄飛大阪的水果餐內容是鳳梨、蘋果、甜瓜、番茄、葡萄，都是台灣特色的水果，但沒有一樣是會甜的，反觀從日本飛回台灣，草莓、奇異果、蘋果、柚子都很甜好好吃，建議華航要重視餐點的差異才好。
2018年,10月,3,真心覺得要飛大於3小時的航程，我真的需要豪經以上艙等，這次的膝蓋舒服多了，餐點的部分就......還好????，我看蠻多人自己帶東西上飛機吃
2018年,10月,5,這次到日本出差公司訂購了中華航空公司，先前的搭乘經驗就讓我十分驚豔，這讓我非常期待。果真一樣的好服務讓我這次的飛行體驗又更加滿意。太喜歡啦!!
2018年,10月,4,帶一歲多的幼兒無特別指明但有被安排在座位第一排.來回都是如此因此多了一些空間.跟團.之前坐別家無嬰兒餐.但華航有.是知名品牌果泥.也有附拋棄式圍兜兜跟試用包尿布覺得很貼心
2018年,10月,4,台灣飛曼谷，飛機設施較新，面板也較大，舒爽度比曼谷飛回台灣舊型飛機好， 但飛機餐（曼谷飛回台灣）不錯吃
2018年,10月,5,"這次選擇了台灣的代表- 中華航空，很久沒坐過傳統航空公司的 我很滿意, 搭上全新的機種,而且服務人員很親切. 整趟旅程一下就過完了."
2018年,10月,4,商務艙餐點有十足進步，這幾次搭乘華航，空服員都很友善，對小孩也是，笑容也常掛在臉上，讓人感覺十分窩心。
2018年,10月,4,訂的雖然是日本航空航班.但實際搭乘的卻是中華航空.地勤人員還真的不錯.寄送行李時因為沒把伴手禮交寄出去.而伴手禮卻不能一起直接攜帶上機.一陣慌亂之際.還好華航地勤人員適時伸出援手.不僅提供裝物的袋子還幫忙打包.真的很貼心.
2018年,09月,4,"櫃台的服務人員很親切,協助我們拖運行李,並建議我們能拖運的都拖運,因為我們一個人有30公斤的扣大,怕摔壞的伴手禮還細心的幫我們全都貼上易碎品,真的揪感心ㄟ~"
2018年,09月,5,因為不太喜歡登機時排隊等候，我習慣等排隊尾聲才登機。但是這次登機忘記因為自己有一個登機箱，等登機後才發現座位附近的上方行李櫃都已經放滿。空服員很主動的幫忙尋找空位，最後真的找不到，就把自己的登機箱取出讓我放（不清楚她登機箱最後放到哪邊）。但是服務真的很好，很感謝。
2018年,09月,2,"服務人員執勤時還在聊天大笑,完全不顧及旁邊的旅客感受.另外在對待客人的親切度上也不好.在等廁所時也是誇張,也不顧及等待客人尿急或是要上大號的情形下,突然就說我要清潔廁所等一下,連個不好意思請稍候也不修飾,這搞的我跟你很熟一樣,是為了趕快完成被指派的項目嗎,這有點本末倒置去了~"
2018年,09月,3,華航飛松山羽田航線採用的A330，雖然算是松山機場的較大機型，但是餐內提供的影音娛樂老舊，操作緩慢。再者A330為雙走道機型，但是送餐方式是以完整送完一排走道的餐點後，再安排另一道到送餐，以至於隔壁走的乘客都已經吃完了，我所在的這個走道還沒有開始送餐，餐點又非常普通。唯一的優點是這個此次購買到的機票僅萬元，算是划算了。
2018年,09月,3,最早，台灣到澳洲的航線都是長榮航空開發的，沒想到近幾年航權的調整，不論雪梨、墨爾本都是華航飛往澳洲的重要航線。雖然有「寰宇一家」、「星空聯盟」和「天合聯盟」三大航空聯盟會員，但主要還是集中累積在「寰宇一家」居多。從台北到雪梨的航班，主要是有華航營運，法航、荷航和澳航共同聯營代碼共享，可惜負責代訂機票的公司，以價差為由，還是幫我訂了華航代碼的班機，不過機票既然是他們負責的，我就不再堅持非訂澳航的代碼。華航飛往雪梨的航班是以全新的A390-1000營運飛行，之前已體驗過國泰航空的A390-1000航班，很喜歡這款機型飛航時的安靜、穩定性，還有機艙內燈光的柔和設計，所以出發前就很期待。華航A390-1000的機型也是以設計師陳瑞憲打造的「山遊水驛」為內裝設計，同樣是商務艙，會有什麼差別呢？搭乘過幾家不同航空公司的商務艙，華航的設計主要是從國泰航空的商務艙演變而來的，雖然格局相似，但華航的用料遠比國泰廉價，每次搭，都覺得這個商務艙的座位設計快從機身上脫離，許多細節處的收邊也有點粗糙，就連平躺後的舒適度都不如長榮和國泰的商務艙。機上餐飲的精緻度，雪梨出發的航班比台北出發的航班好，整體來說還是略遜國泰航空一截。雖然土耳其航空的商務艙內裝不是最新款的，但是我覺得最舒適的。這個航班也不是完全不可取，我認為華航來往雪梨的航班都是非常理想的時段。都屬於接近凌晨起飛，飛行9個小時後，在加減2個小時的時差，等於吃過宵夜後，在飛機上睡一覺，吃過早餐後，就抵達目的地，沒有什麼時差的問題。當然更幸運的是，如果飛往雪梨坐在靠窗的座位，只要天氣晴朗，就可以從飛機上拍到整個雪梨港的美景。前往澳洲旅遊，搭乘華航直飛雪梨的航班，在時間上比搭乘國泰航空在香港轉機的班機更理想，推薦！
2018年,09月,4,新彩繪機，很興奮、挺漂亮，但 起飛時後排聞到濃厚的汽油味，大家面面相覷，不確定什麼狀況， 是否安全？沒人反應過嗎？ 還未起飛一間廁所的洗手檯水龍頭就壞了，後來後面一間的門鎖就脫落了?? 新飛機隔音好像很差，中段座位飛行途中引擎很大聲， 感覺細節部份做得不好，修護人員一定很傷腦筋。
2018年,09月,4,我覺得華航也是不錯的航空公司，雖然我常常上網選位子，但常常換班機，所以我的位子常常選了，最後都不是我當初選的位子，但還是有把我跟家人排在一起就是了，這點還算可以。再來~~當然就是電視啦，有電視的飛機直接加分~!這是一個很好消磨時間的工具，看個幾部電影，就差不多到目的地了，雖然本人很常看到睡著，但能夠睡著也就證明，椅子其實挺舒適的嘛!歡迎個位來搭搭看~~再補充一下，我覺得餐點好吃!看個人啦~我真的覺得優。
2018年,09月,4,"荷蘭阿姆斯特丹史基浦机場是一個非常繁忙的機場,每天有20萬人進出轉機,在登機門前還有機務人員先幫你畫票,但登機前還是要再掃條碼登機, 感覺是多餘但想想也許是確認你有否跑錯登機門避免延誤其他班機,而飛行途中因長途關係有人睡覺有人看影片,服務人員會不時提供水及小點心,這點非常貼心"
2018年,09月,4,"長途飛行最怕坐久不舒服,鞋子脫了又不雅觀及方便,但華航起飛不久就發給盥洗包,內有脫鞋,讓整段飛行都能讓腳ㄚ子舒舒服服,值得讚賞"
2018年,09月,5,此次服務我們的空少面帶笑容，需要毛毯以及餐飲服務均高於一般標準經濟艙的服務水準之上，謝謝他的熱忱和態度。
2018年,09月,3,之前向旅行社訂票的時候，想直接預定靠走道的位子。旅行社幫忙訂好卡達航空的位子後，中華航空竟然不給旅行社預定位子的權限，只有餐點可以預訂。換言之，位子要到啟程的那天才知道是靠走道還是靠窗戶。飛機起飛前到櫃檯劃位，地勤人員才問我要坐靠窗還是靠走道的位子，要不是當天的航班乘客稀少，恐怕地勤是不會這麼問的。但上雞隻後向空服員詢問餐點的事情，才知道華航根本沒有我訂素食餐的紀錄，可是我當初訂機票的時候明明向旅行社再三確認，訂了該航班的素食餐。幸而空服員熱心處理，調了飛機上的東方素食餐應急，送完餐點之後還麻煩我填寫訂餐的申請單，並承諾反應給公司，但同時也要求我必須在回程時向地勤再次確認訂餐狀況。果不其然，回程時同樣的問題又發生了，劃位時華航的電腦裡面沒有我訂素食餐的紀錄，地勤還要我在上機後向空服員反應這個狀況，我真的懷疑當初空服員是否將我的申請表送到航空公司負責空廚或是訂位的部門。我無奈地向空服員反應這個狀況，後來由於空服員掉了商務餐的素食餐給我，此事才圓滿解決。如果不是空服員的細緻處理，我對華航的評價不會達三分
2018年,09月,3,今天從上海要回台北，聯合承運的中國南方航空提早10分鐘起飛又提早十分鐘關櫃檯，要我們去華航改票搭下一班，到了T1發現華航在上海沒有票務櫃檯，只好打電話，候補到晚上的班機，上了飛機先跟空姐說了免稅商品品項，中間開賣又跟空姐提了一次，一直到下飛機前，都沒有過來詢問免稅商品購買的事情，可以看出，華航不缺我們兩位客戶...
2018年,09月,5,親切的服務態度~還不錯的餐點~平穩的飛行~航行中遇到不隱定氣流也控制的不錯~空服員會貼心的詢問是否需要加飲料~降落非常平穩~沒有壓迫感~很棒
2018年,09月,5,去時是誤點！回程很準時！因為去程先有颱風外圍環流差邊而過。所以以安全飛行慮。去程遇到不穩定氣流！中華航空機組服務人員都以生命熱誠服務旅客
2018年,09月,5,座位寬敞舒適、前方螢幕大且耳機升級、讓視聽娛樂更享受；機上餐點的熱度及味道都有進步。回程時共托運一大一小行李箱（總重量沒有超過限制）不需自己帶上飛機方便很多。
2018年,09月,4,好幾年沒有搭程花航了，服務態度還ok，豪經艙椅距對160公分的我而言已經很足夠，娛樂設備是觸控面板，感應功能蠻靈敏，電影種類多，但是餐點真的讓人更加害怕，看來以後真的不用太期待了
2018年,09月,4,"機上娛樂設備仍使用傳統按鍵式控制器，且須搭配專屬耳機插孔，在現今主流提供觸控螢幕的航空公司來說，是稍嫌不足，但整體來說服務及餐點都仍讓人滿意，雖然空服員的贆情跟語氣略帶點冰冷，但考量台灣跟北京之間約2.5小時的里程，空服員準備餐點就已經焦頭爛耳了，我想這也難怪一登機，便可見牆上鏡子旁的標語 - ""Speak Softly, Work Gently"""
2018年,09月,5,機上軟硬設施齊備：絨布座椅乘坐舒適，電視娛樂設備適合；人員服務態度親切：資深空服人員親切，服務細節熟練流暢；推薦優先選擇搭乘！
2018年,09月,5,食物好吃，服務好，笑容佳，食物有採用台灣本土品牌，作為零嘴，非常好吃，海鮮飯簡直高級，原本以為會是罐頭，制服漂亮
2018年,09月,4,坐位正常，不會到太小，娛樂裝置正常，還可以在更新一下會更好，餐點內容也算正常，還不錯吃，空姐服務都還不錯，還算滿意
2018年,09月,4,"可能是舊機型的緣故, 個人娛樂系統螢幕很小, 座椅稍稍後傾就看不太清楚了, 操控手把的標誌已經磨損看不清楚, 系統對按鍵的反應也很慢.但是餐點很好,尤其是沙拉的生菜非常美味. 空服人員的態度及對應也非常好. 有機會應該會再搭乘."
2018年,09月,3,沒有覺得特別好或不好之處，可能機上的旅客較多，機組人員比較忙碌，所以也沒有感受到有什麼特別細心或照顧的服務。
2018年,09月,4,班機沒有提供個人螢幕，只能有公用螢幕，前往富山，卻播放台灣娛樂節目，似乎順序顛倒了，建議播放介紹北陸的影片，比較實用
2018年,09月,5,商務艙座位非常舒適，餐點擺盤很美也還算可口，酒單選擇也很多，但我個人不喜歡粉紅香檳!歐洲段沒有提供羊毛被，美中不足!
2018年,09月,5,空服員態度親切，在航程中提供必要的服務，主動給予旅客關心，希望很快能夠再有機會搭乘，推薦給要來台灣旅遊的外籍旅客
2018年,09月,5,服務品質和搭機舒適度大致都蠻好的，是值得選擇的航空公司。有些資深的空少和空中小姐，也都是很專業又客氣。
2018年,09月,4,"高雄機場的華航貴賓室整修中,不過華航有提供餐卷使用,高雄出發的飛機都是中小型的,設備還是沒有桃園飛的好,不過沒有誤點.整體來說服務還可以."
2018年,09月,3,一直以來幾乎都是坐華航出國，但這次有點失望，餐準備的不夠，坐在中間位子的最後牛肉餐不夠，只剩下海鮮飯，結果同行的家人有人不吃海鮮，最後反應也是無法解決……
2018年,09月,4,空間比經濟艙大很多 很舒適，餐點是和經濟艙一樣的，飛機上的個人視聽螢幕很大，飛機上很多近期新片可以觀賞，整體來說非常棒！
2018年,09月,5,航空公司，而且該航線是直飛很方便！！
2018年,09月,4,這次居然買到747的upper deck，實在太棒了，腿伸直都碰不到前面的椅子，座位旁邊還有放東西的地方，電影選擇少了一點，但因時間短，所以也無所謂，只是座椅的扶手上有用過的牙籤，不過經過反映，馬上來清理，食物普通，有機會還要買這種座位。
2018年,09月,2,8/29早上達成中華航空CI531往青島流亭機場，預計出發時間是9：20，估計大約9：00大家就已坐上飛機等待起飛。結果因為種種因素，包括行李轉運問題，延遲到將近11：20才起飛，讓乘客在飛機上乾等2個小時，機上娛樂設備也不能用。僅僅只發放一人一包小花生打發。相關危機處理及客戶安撫完全不合格。真的是令人印象深刻的傻眼。
2018年,09月,4,從香港出發到阿姆斯特丹的機場大概用上16小時， A350舒適有私隱的感覺設計， 完全可以平躺，只是如可以闊落一點會更好， 中華航空的服務人員品質很好， 又親切態度， 飛機餐還可以一定可以吃飽， 味道算是可以， 過夜包很貼心品質也很好， 但過夜包的外觀很普通，香港到台北轉機當晚時間較趕，在台北桃園機場指不太清楚， 也沒甚麼服務員提供指示； 阿姆斯特丹回程台北時候延誤了一小時起飛，服務員很快便派上小吃及飲料， 整體都滿意。
2018年,09月,5,大概是之前去新加坡都坐廉價航空，這次坐華航去覺得經濟艙的位子其實滿大的。不過餐點上仍然是普普通通，希望可以再好吃一點。
2018年,09月,4,對於我們台灣要飛歐洲直飛的選擇並不多 不過華航是台灣唯一直飛的航空公司 相較於轉機的確可省下不少時間 這次跟老婆蜜月旅行雖然搭經濟艙 但幸運選到最前排的位子 腿部空間當然是超大 不過機上空姐的態度有待加強 希望臉上能多點笑容
2018年,09月,3,去台灣分別坐過3間航空公司，中華航空的飛機餐是最好吃的，其他2間有時候完全是垃圾，今天有小意外 竟然坐到細機，沒有電視看超失望，每次我都是一齣電影分來回程看，因為去台灣機程短 不夠看完，還要delay40分鐘才起飛
2018年,09月,5,此行為直飛班機使用A350新型飛機，空間舒適且設備新穎，航班時間為台北早晨班機到達目的地為當地當日下午時刻，對於想充分多一點時間遊玩的旅客，是一個很棒的選擇。
2018年,08月,5,華航的空姐都很甜美親切，747-400每次搭程都會覺得很興奮，很舒適而且機艙裡不會有異味感，比較不容易暈機。大推，心目中的第一
2018年,08月,2,溫哥華機場應該算是加拿大西岸最大的機場，然而機場貴賓室，除了場地還不錯外，提供的餐飲，可真糟透了，竟然還貼出已打烊的告示，擺在餐飲台上的只有一些殘羹，從未見過如此的貴賓室。
2018年,08月,4,這次從台北飛三亞是華航的B737-800飛機算是舊型，座椅沒有AVOD個人娛樂系統，位子空間也比較小！但是空服組員服務非常的貼心也很棒，餐也不錯吃，紅燒獅子頭喔！希望華航下一代窄體客機的座椅可以裝AVOD！
2018年,08月,3,從上海返回桃園機場，因登機時間不明延誤，致上了飛機後，以為會比預定時間晚到桃園，但機長以非常快的速度在空中飆機，感覺非常厲害，唯一美中不足的地方是，我們的用餐時間縮短，差點來不及在下飛機的時候吃完。
2018年,08月,5,這次到北海道，來回都是坐華航的飛機，機型是Boeing 777-300ER，去回的上升與下降都頗穩定，蠻欣賞這個機型和機長的技術。經濟艙的座位以170公分的我來說頗舒適，坐下來後，膝蓋到前方座位還有至少1-2拳頭的距離，座位上除了良好的螢幕（對比一樣是華航，但四月份去首爾時看到的爛爛螢幕），還有USB槽，靠腰墊和頸枕等，讓飛行過程不會不舒服。倒是這次回程的餐點，印象中是海鮮烏龍麵和三杯雞兩種選擇，我和太太都選了三杯雞，吃了後都覺得好吃，不像過去吃的空中餐，總有著滿滿的微波味！機上的服務則是一貫的良好，但有趣的是，回程的空姐們在對話時頗俐落，不只是不說贅字，語氣和音調還完全不拖泥帶水，表情是帶專業但不帶笑容，但這種不帶笑容的表情，又不會讓人覺得不舒服，頗有趣啊。
2018年,08月,5,這次在阿姆斯特丹機場從經濟艙升等為豪華經濟艙，機艙設計由台灣的陳瑞憲設計師所操刀設計，水郵山驛的設計語彙，客艙中充滿了柿木紋的裝飾，在這個艙等可以有自助零食吧，讓洲際旅程中隨時可以拿一些零嘴享用。
2018年,08月,4,這次出國好像剛好是沖繩旅遊的旺季，聽說位置都滿了，我們團員中有幾位是被安排在出口座位，櫃台托運行李時服務人員都面帶微笑非常細心核對資料，也一一確認我們的身體健康狀況，登機後空服員也親切耐心的再跟我們解釋一些細節，每個環節都不馬虎，是讓人覺得安心並值得信賴的團隊。
2018年,08月,2,預定在維也納返台的飛行途中完成部分工作，因為機上WiFi故障，以致無法完成工作與對外聯絡，機上設備可靠度待加強。
2018年,08月,4,無論是地勤和空姐們，服務都很不錯，餐點還不賴、座位舒服、飛行鰻平穩的，看了一部電影，非常謝謝服務人員們，辛苦了!
2018年,08月,5,8/2-8/6搭乘中華航空公司，往返上海及高雄，感覺上空中服務人員，男性比女性多，雖然如此，還是維持一貫的親民服務態度。下回出國旅遊，還是會繼續選擇華航班機。
2018年,08月,1,2018年8月10日搭乘00:10飛往阿姆斯特丹CI73班機，原本懷抱著愉快的心情，要和老公去國外度蜜月～這是我們第一次搭乘華航班機，老實說，上飛機前心裡是既期待又興奮的～但是！！！當天飛機上的客服員吳遙@小姐，我不知道你到底發生什麼事！從頭到尾臉超！級！臭！服務態度更是差！跟我想像中「親切友善的華航空姐」印象完全不一樣......結束了13個小時長途飛行，下飛機時，我們前面穿插了幾個法國人一同排隊等下飛機，華航空姐看到這些外國人，態度就非常客氣的說「Thank you~」，但輪到我們這些台灣人要下飛機時，某幾位華航空姐笑都沒笑也就算了，連句話都沒說......（謝謝或什麼之類的話）當下覺得，大家都是台灣人，本是同根生，相煎何太急......台灣的空姐怎麼會對自己本國人怎麼這麼不友善，難道他是空姐就這樣看不起台灣人！？總之～搭乘華航初體驗，讓我留下極度差的印象！下次旅行或者朋友詢問，我大概都不會搭乘或者推薦華航了！雖然我不是坐頭等艙，但是我也有付錢啊～～～又不是坐霸王飛機......為什麼要這樣看你臉色呢......
2018年,08月,4,整體的感覺很好，飛機餐也越來越進步，服務人員的態度相當好，雖然不是大飛機，但是起降平穩，足見機師訓練有素，服務和安全是旅行中最重要的兩件事，華航有做到。
2018年,08月,3,"若不想從上海進蘇州.最快就是搭到無錫,所以除非意外,不然每次去蘇州,都是買華航飛無錫的票..座位,餐點都一般,但行程時間短..所以這些就不是很重要了.."
2018年,08月,3,"這次運氣很不好,居然遇到延重delay,有二個半小時吧..回到台灣都半夜一點半了,而無錫機場很小,也沒有什麼店家,所以delay時是有提供便當,但便當看起來不優...另外因為是一個人也不想去拿,因為起來後就會沒有位子坐了...之前都是選素食,這次改選水果餐,現在水果那麼便宜,結果份量好少喔...但從蘇州回台的話,還是無鍚飛會比較近..另外最近票價真的便宜不少,跟客源減少有很大的關係"
2018年,08月,5,這次跟其他同學參加海外參訪，第一次搭華航去泰國，想說試看看商務艙，沒想到真的蠻舒服的，服務人員會主動詢問跟提供我想要的東西，有種被在乎的感覺，機長也感覺蠻有經驗的，遇到亂流都蠻穩的，降落時也沒有什麼太大的搖晃，棒!
2018年,08月,4,"服務人員親切, 餐點吃起來比較不像是便當加熱過的感覺. 經濟艙座位較小, 前後距離較短, 對高個子的人會辛苦些. 整體在80分以上."
2018年,08月,4,空服人員的訓練有素，讓人可以很快適應，飛行座位略嫌壅擠，餐點尚可但紅酒不錯，而且我牙齒疼痛，服務人員還特別拿來一帶冰塊讓我冰敷，緩解大部分疼痛。
2018年,08月,5,"因為之前已經去泰國有十幾次 , 以往都搭長榮航空或泰國航空 , 從未搭過中華航空商務艙 , 服務人員態度良好 , 有賓至如歸的感覺 ,"
2018年,08月,5,經常飛行對於空中服務已經習以為常沒有太多感受，但此次因為慶生所以飛行! 雖然航空公司不會客製化甚麼服務也不會有人發現你生日，但整體來說這趟飛行得到有效率面帶溫暖笑容的服務及舒適的空間。 謝謝專業的空服團隊
2018年,08月,3,CI537是屬於中型的飛機，左右各三排，中間是走道，若是空服人員要送餐又有人要如廁極度擁擠，沒有個人電視，每隔三排才有一個小小的螢幕在天花板上面，舒適度比虎航略好一些，不過當然是比不上大飛機的寬敞與舒適！這是單就飛機硬體而言。。在飛航過程中，旅客也是很重要，飛去三亞，後方有兩位高雄林姓小朋友，哇—-真是開了眼界，一樓路上一直不停說話與兄弟吵架，還有狂踢前面座椅，更厲害的是有軟骨功，可以在他的座位下方鑽到後面的座位換位置，還可以再度鑽回來，是台灣人。
2018年,08月,4,今年我去沖繩，搭個是A330，雖然機齡只有6至7年，但是機上的AVOD解析度度有夠差，而且配上早上刺眼的陽光，完全看不清楚。除此之外，機上餐只有一個雞捲，難吃死了，但比國泰的好吃一點。
2018年,08月,4,"餐點好吃, 按服務鈴也很快會有空服員過來詢問. 不過親切度不是每位空姐都很好, 回程剛好遇到前排是空姐認識的人, 坐了13小時左右的飛機, 就看到前排一直不斷被空姐關照, 食物禮物不停的送."
2018年,07月,5,整體服務不錯，餐點好吃而且服務人員服務態度很好，機上娛樂的電影非常的新，我這趟來回旅程都在看電影，很適合家庭旅遊搭乘。
2018年,07月,3,新千歲機場應該是北海道地區最大的機場，機場貴賓室提供的餐飲卻顯得簡單，一些可頌、飯糰外，只有泡麵。這個時節北海道地區的水果，很有名氣，貴賓室內卻見不到水果。還好，飲料的選擇性尚可。
2018年,07月,5,如果想要有寬敞的腿部空間、較舒適的座椅而又不想負擔太多費用搭乘商務艙，那建議選擇豪華經濟艙，這樣上述的條件均可享受到。華航空勤組員一貫的親切態度是選擇這間航空公司最主要的理由，機上的餐點也較其他國籍航空來的好。
2018年,07月,5,"每次座華航都可以看到很新的電影,所以在飛航的旅程中晃眼就到達目的地了,而且華航的餐點都會有一些在地的點心,我覺得這是很好的做法"
2018年,07月,4,機上餐點，電影，水準之上，空服員服務態度也很好，這條航線每年必坐一次，時間多選擇多，飛的算平穩舒適，評價不錯
2018年,07月,3,石垣島離台灣太近，表訂飛行時間55分鐘，這班飛機是14:35(日本時間)起飛，14:30(台灣時間)抵達，因為飛行時間小於時差，才有降落時間比起飛時間還早的有趣班表。實際飛行時間約45分鐘，起飛沒多久就看見龜山島。
2018年,07月,3,石垣島所在的八重山群島距離台灣非常近，可惜只有夏天一週兩班飛機前往。因為是季節性冷門航線，華航使用波音737-800單走道飛航，沒有個人娛樂系統。不過因為航程太短，一下子就到了，也沒有時間看電影。石垣島是自然環境保護很好的海島，航班太少實在很可惜，因為是唯一的航線，暑假期間票價也不便宜。
2018年,07月,5,還不錯～機上餐點也很好吃～還有電影或音樂可以聽～空服員態度也很好～很客氣～需要什麼都會幫我們服務，抵達時間也很準時
2018年,07月,5,整齊乾淨，守治序，治安很棒，建築物都有粉刷，雖然有四十年的國宅，看起來像新蓋的，關乎國家形象，提升旅客到訪的意願
2018年,07月,3,出發前23小時突然用EMAIL通知搭機時間往後延12小時，導致我們第一天行程被迫取消，原本搭機時間是下午五點左右，往後延12小時變成凌晨4點半起飛，增加我們行程上的成本(計程車資)，有些人甚至因為交通不便，只好提早好幾個小時到達機場等待，結果華航什麼都沒說，還是同行的友人自行打電話客訴才得到車資補貼(實報實銷)，所以如果再有這樣的情況產生，請務必保留增加成本的收據。
2018年,07月,5,飛曼谷相當便宜，也有行李公斤數可以帶回戰利品。餐點表現可圈可點，不知道為什麼覺得比其他航線好吃許多。空姐的態度很好，全程帶著笑容，地勤也是很親切的幫我們check-in。飛行過程也相當舒適，準時到達。
2018年,07月,3,"對長途座機的旅客來說,局限的空間真的很吃不消,在非供餐時段有時肚子餓想要個餅乾吃,居然是:今天機上人多餅乾已不?,有點傻眼,不過是餅乾而已,我以為這種小東西應該會多備...只好餓著等供餐時間到來.唯一的優點是空姐都很親切"
2018年,07月,5,"空服人員親切,餐點也很好吃,機師的技術也很不錯,座位乾淨,機上影片很新,常可以看到新的影片,不論是搭長途或是短程都感覺舒適,"
2018年,07月,4,"1.短程來說,搭過港龍,僅提供大亨堡或者類似Subway的簡餐,但華航能夠提供完整的餐點,這點是給予肯定的。2.服務人員親切/熱心"
2018年,07月,5,這次去雪梨來回搭乘華航主打的A350，不得不說真的很讚，經濟艙座位感覺頗寬，重點是腳可以伸直到前方座位下不會卡住！這個超讚！以前都覺得長榮最好，近幾年覺得華航比較優哈哈，不論在航點拓展佈局，還是飛機汰舊換新上面，都有很明顯的意圖跟進步，相較之下感覺BR比較沒有在前進（倫敦維也納還在搞曼谷中停，人家花花都直飛還新飛機...）在起飛前空姐就端飲料給大家喝，之後又再發了一次（不包含送餐的飲料），整趟下來喝了好幾杯～而飛機上兩餐都蠻好吃的，其實本人一直都蠻喜歡華航的飛機餐，他們的飛機餐味道都有到的感覺，不會太鹹也不會太淡。在雪梨機場報到的時候，發現排隊有一大半的人是外國人，深刻感受到華航主打外國旅客赴台轉機的策略有成功！（因為印象中以往華航飛機上大多是台灣人吧）總之，這次搭華航往返雪梨的感想大致如上，很滿意，空姐空少也都超體貼，覺得搭了很有溫度的飛機，真心覺得華航進步很多。
2018年,07月,4,意外的發現有些班次，華航提供買經濟艙，坐商務艙的優惠，當然，餐食沒有優待，還是經濟艙的等級，check in和行李重量也是經濟艙等，不過飛北京三小時能坐寬敞的二樓商務艙，非常划得來。我猜是華航利用比較老的波音747-400機型，反正機型舊，搭商務艙的人不多，乾脆福利一下吧。回程竟然也搶到二樓商務艙，很幸運。
2018年,07月,5,高雄到香港的飛行十分的短，但華航還有提供完整的一餐，覺得相當驚奇。對整體的服務感到相當滿意。由於是到香港轉機，連行李一併掛到別家航空公司，不用自己掛，十分方便。
2018年,07月,5,這條航線是用華航最新的A350執非，豪經艙的擺設相當典雅，空間椅距大，耳機相當有質感，能夠阻絕飛機上的噪音。娛樂設備相當靈敏，選擇多樣。自備泡麵請空服員協助加熱水，空服員也相當熱情，還提供環保筷使用，相當貼心。飛機餐一直維持華膳空廚一貫的水準，還提供哈根達斯冰淇淋，真是太棒啦！
2018年,07月,4,以前坐華航起飛、降落都很不舒服，這一次反而很不錯，地勤的表現也很好很親切，但這一次的餐點不太好吃，雞腿排飯的肉真的很硬不入味，醬汁太鹹不好吃，另外，吃飯時間真的超級趕、又沒有飲料有點可惜，但華航有進步了
2018年,07月,4,從櫃檯到機位坐定 都有賓至如歸的感覺 洛杉磯機場的SKY TEAM貴賓室也增加了一些東方食品 符合使用貴賓種族比例原則，機上餐飲可口 半夜餓了也有多種小點可選擇 不是只有泡麵而已 機上娛樂電影也豐富了許多 讓你在機上十幾個小時 不會無聊 值得鼓勵
2018年,07月,4,飛機的商務艙位置舒適～飛機新穎～華航在吉隆坡的貴賓室小巧，位置並沒有很多～熱食選擇雖不多但是口味尚可～進入吉隆坡貴賓室的當日發現女廁無法使用...至少待了幾小時的時間～禁止使用的牌子都沒拿開過，不知道是清潔還是損壞...
2018年,07月,1,我在今年大約二月初乘坐華航，有一位女士將他的行李放置我頭上，所以我和空服人員詢問此事。空服人員卻向我表示說：因為這個個國家的人民（越南 胡志明市）的不是開發國家的人，所以素質不是那麼好，這個國家的人，就是這樣的，諸如此類，這種種族歧視性的話語，然後他們每次坐飛機，都是喜歡把東西帶很多上飛機。我想知道這和我向空服人員問的事情有關析嗎？為什麼要在公開場合說這種歧視性字眼，在一堆越南人面前，不表示尊重。身為一個空服人員，說這種言論合適嗎 我無法容忍這種航空公司，再也不願意做這家航空公司了
2018年,07月,4,因為此航線搭乘人數不及台北飛往其他大都市，班級是左右各三位的小飛機，且沒有個人螢幕等設備。但因為時間約2~3鐘頭，倒不影響旅遊興致。但是訂機票時選的位子跟後來左右各三的位子有異，訂完機票記得注意一下!
2018年,07月,5,久聞華航A350的豪經艙很不錯，這次出差總算有機會體驗，臨時從經濟艙被升等豪經艙，好開心。 座位寬敞、螢幕也很大，還有抗噪耳機，連洗手間也很寬敞，飛機餐也進步，還有哈根達斯冰淇淋，很期待下次再一次搭乘。
2018年,06月,5,華航的地勤、機上服務都是不用?的讚。這次帶寶寶（1?多）搭乘了兩岸航?，空姐格外熱情，還送了有華航飛機圖案的貼紙，這是搭乘其他航司沒有過的體驗。而且全程很照顧我們2人，問是否需要服務，雖然帶著寶寶很累，但是遇到這?舒心的空乘人員，也是值了。
2018年,06月,5,雖然是小飛機，不過很舒適，服務人員態度都很好，餐點也不錯吃，尤其是小餅乾，我吃好多個，我隔壁不吃都給我吃，潛艇堡也不錯，去程吃火腿的，回程吃燻雞的，口味都不錯
2018年,06月,4,飛航日本的班機，可能是還要轉飛其他地區，都比較新比較大，比較舒適，每個座位都有影音設備，餐也比較好吃
2018年,06月,3,飛機都不大，有點老舊，餐點內容也簡單，座位小又擠，還好飛航時間不久，降落跑道時聲音比較大，多忍耐一下
2018年,06月,4,家在台北市區，要到上海浦西出差，走松山搭華航是非常方便的選擇ˊ。到機場很快速，出境的人不多通關很快，到達虹橋之後入關的也不多，之後搭地鐵就可以到達目的地，整趟行程時間大大縮短，這就是最大的方便了!
2018年,06月,5,超級貼心的空服組員，從阿姆斯特丹回台北的回程上，超級貼心的空服組員，不斷關心所有乘客的需求。在後方廚房也備有許多點心供給大家食用，還會與乘客聊天。有訂餐的也很快速的優先上餐，還有特調酒類可以點選。
2018年,06月,5,雖然起飛期間有延誤，但上飛機後，空服的服務真的很貼心也處處關心所有乘客。機上飲食真的很不錯，謝謝當天航班的空服組員。
2018年,06月,5,"飛機環境乾淨, 座位舒適，而且每次搭乘的班次都很準時起飛。 機上服務人員態度親切友善和有禮貌, 熱食飛機餐最吸引, 所以每次到台灣都一定選擇華航!"
2018年,06月,4,華航原定的機型為A330，後來更換成A359，新機果然舒適，比起國泰的A359，華航設計的元素，更是令人讚賞，商務艙的和風餐點是委託大倉製作的，果然水準之上。如果華航每架飛機都是這樣的等級，幹掉卡達與阿聯酋指日可待。
2018年,06月,5,前往洛杉機之遙，但平穩舒適的空間與航行，讓前往探險與度假的人們，擁有休憩與夢境的交錯時間，華航是旅途之鷹。
2018年,06月,4,香港到高雄的航班不多，這次挑了比較平宜的中華航空，飛行時間只有一個小時左右，所以也不用太講究。之前中華航空把飛機餐改為吃麵包而已，我已經有一段時間沒有搭了，不過現在已經恢復正常餐食服務，所以這個價格來說是可以接受，所以再次選搭。不知道是否因為是在旅遊公司買的機票關係，不能在給我預選坐位，需然也是靠窗的位置，但是卻是第一排，在機門旁的位置，因為同行的是比較年長的家人，坐在機門旁還要有一些重要的事項要注意，例如是逃生是在這個位置必須要做的事情，覺得對於年長的客人來說是有點難，航空公司應該有空間的去調配才對。
2018年,06月,4,因為飛機遲到，延誤了半小時。今次是第三次乘搭中華航空了，和以往一樣，服務還不錯，主要是班次多，可以遷就不同的旅客，會繼續乘搭。
2018年,06月,4,"個人還蠻常選中華航空這間公司, 但還是會以價錢為優先考量, 這次飛浦東餐點也是還可以, 機上的影音也是我期待的.空姐也是很親切, 位子上來說算舒適, 因為本人也不高所以這沒什麼問題."
2018年,06月,4,出發去韓國旅行可以選擇去程松山飛金浦 回程仁川飛桃園，下飛機就不會因為交通而太晚進入市區 而回程還可以在仁川機場逛一逛!華航提供的30kg 行李不管商務旅行或是個人旅行 都不會超過
2018年,06月,4,飛機環境舒適，無奇怪異味，乾淨程度亦讓人覺得更加分。每次搭乘幾乎都準時起飛。這點對比其他傳統航空是很不錯的。機上服務人員水準平均也相當有氣質；平均一年約四次搭乘下來，覺得資深服務人員普遍個性鮮明，建議可再調整會更棒的。
2018年,06月,5,完美的商務艙空中服務，飲料及飛機餐均在水準之上，飛機餐還包含一到熱湯。親切及熱誠的空服員，更是不在話下。隔壁座位卡住後，兩位空服員奮力解決問題，顯示出專業英辯能力。
2018年,06月,5,比較其他航空公司~華航就是舒服又自在~餐點好吃~空姐親切~目前搭過A330跟A350的飛機~還是坐A350飛機比較舒適~5月買到便宜的華航機票~希望更多優惠票價出現
2018年,06月,5,這次搭乘中華航空座椅舒適，整體來說不錯，回程點水果餐，還算不錯，唯獨桃園機場塞機，使得班機延誤，服務態度普通
2018年,06月,3,因為是短程，考量價錢及舒適與安全的話，華航通常是我們前兩名的選擇名單。餐點還可以，沒有什麼特別之處，就是讓人填飽肚子而已。服務人員態度也還可以，但是在服務的細節上，可以再細緻一點，比如放餐盤時不要碰到客人的身體之類的。在旅客入座前就先準備好毛毯這點很好，我記得以前上飛機時總是需要一再跟空姐要求才能拿到毯子。整體而言，華航算是還不錯的航空公司。
2018年,06月,3,"一般的服務都還算好，但沒有印象深刻之處。我們起飛沒多久，坐在後面的旅客想買免稅品，詢問了兩次，空姐居然翻白眼還大臭臉，用很不耐煩的語氣回答""我等下告訴你!!""但已同樣身為旅客來說，並沒有覺得後座的女性是奧客或有任何不禮貌，但空姐的不耐煩跟擺臭臉，讓我們整排的人看得一清二楚，大家都驚訝。回程的時候，誤點了40分鐘，座艙長的廣播是""因為地勤人員的錯誤...."" 身為同一間公司的員工不應該在對外的時候直接卸責，對乘客來說~你們根本是一體的。飛機往往因為起降時間與直飛的問題，無法選擇自己所心儀的航空公司，如果可以選擇，華航絕對不是我的首選。"
2018年,06月,4,也許是習慣了，每每在買機票的時後都會先告訴旅行社『幫我看一下華航是否有班機』這一句話，當然至少舒適度及服務是足夠的。
2018年,06月,4,華航班機CI501上午08:50起飛的飛機，是非常適宜的搭機時間，剛好於起床後可舒服的前往搭機，波音777的飛機體是343的座位寬敞，相對的讓人沒有壓迫感值得推薦。
2018年,06月,5,經常搭華航往返韓國台灣，也是會員，因為他們的服務愈來愈好，而且行李重量是這條航線中，最多的公司，而且不計行李數量，是以重量計算，能靈活打包。
2018年,06月,4,這次去奧克蘭選擇了中華航空直飛的班機，會先在澳洲的布里斯班過境休息，還是必須先出來，在重新登機，像是原機的技術性直飛，讓澳洲旅客可以上下，可能是台灣的旅客還不夠多的關係！
2018年,06月,4,"之前1月也是搭華航到東京成田, 很幸運坐到後面是沒位置的, 有位資深女空服員服務態度超讚的,印象很深刻, 可惜沒看到她名牌名字,親切的提醒客人多喝水, 很幸運難得遇到這麼優雅親和力高的空服員, 反而台灣人水準越來越低,大聲聽歌,大聲打電動,大聲剔牙,上面放東西掉下來打到人也不道歉=_=5月到札幌這班,服務的男女空服員服務也很不錯"
2018年,06月,4,"有幸進入桃園機場第一航廈的華航貴賓室體驗, 食物好吃、座位足夠，一上飛機座位上就擺放小枕頭和毯子, 感到機組的體貼, 且飛機上的餐點也不錯，唯一可惜的是視聽娛樂系統較老舊, 螢幕小、畫質較差且操控不靈敏"
2018年,06月,5,秉持一貫華航的傳承.服務就是到位.讓旅客感覺很舒適很悠哉.餐食飲料也都有一定的水平.洗手間的清理更是頻率很高.使用起來很舒服.值得鼓勵
2018年,06月,4,長榮航空是我很喜歡的航空公司，此次全家5人，有機會以較優惠的機酒行程坐華航到越南河內遊。華航這幾年積極的轉型改變，除了獲利外，也不斷汰舊換新飛機，可惜此次還是坐A300的空中Bus。進入機艙接近客滿，空服人員有條不紊安排旅客就座，我也坐在走道位。餐點是華航的特色，我點了牛肉飯，有餐廳水準相當好吃。
2018年,06月,2,由香港到台北，再由台南回香港，中華航空是唯一一個可以OPEN JAW的航線，所以選擇了它。機細，座位窄，但服務員態度搭夠。餐點熱，但咸，而且只有茶及咖啡提供，想要其他就要開口問。
2018年,06月,4,"雖然是短短兩小時的飛行時間，這新改版的艙內隔板採用木紋相當有質感，我身高183, 經濟艙座位空間算是足夠，最讓人讚賞的是個人清晰大螢幕讓觀影品質大大提高，餐點中規中矩"
2018年,06月,5,有時候其實會推薦大家多注意各大航空公司的官方網站，釋放出來的價格反而會比我們拼命比價更划算，還包括公斤數與美食唷！
2018年,06月,5,雖然全世界有太多航空公司，但是，從小到大一直都搭乘中華航空的我，對於這間航空公司一直有著太難以言喻的情感，特別是看到梅花昇到高空的那一霎那。
2018年,05月,5,託同行友人的福，有幸升等豪華經濟艙，位置十分舒適寬敞！去程剛好乘客不多，十分感謝各個空服員的照顧！ 希望亞洲線短程也可以開放豪華經濟艙等的販售！
2018年,05月,3,"航班時間上的安排會讓住的較遠縣市的人比較辛苦,會感不上高鐵,如果是住南部的旅客會很辛苦,除非在當地多住一天,不然連夜趕回南部很累,這是一個南部人的小小心願,如果有從南部非會更好....除了非機艙位較小,坐的比較辛苦之外,整體服務還是讚許的"
2018年,05月,5,不是蓋的豪經艙，位置加長，桌子與螢幕，小燈等，在沖繩玩了四天，拖著疲憊的身軀，幸運的能夠選到豪經艙，可以有好好休息的座位，太感謝你們囉！感恩！
2018年,05月,4,一直都是國泰的飛行常客，這次帶著渡假的心情與友人一起搭華航，雖說是經濟艙時間也很快就到目的地，華航的服務還是沒話說，一開始check in櫃檯人員的親切引導，飛機上座艙長與空服員的細心與耐心，都讓這個愉快的渡假有個好的開始，謝謝你們！
2018年,05月,4,"是一趟時間不算短的直飛航班,可以在抵達目的地前,好好的休息與閱讀當地的導覽文件,機上餐點也能適切地準點提供,冷熱飲的需求都能隨時滿足機上乘客,此班機一直都使用2-4-2的廣體客機,家人或雙人情侶的座位選擇,每一次也都非常滿意,在任何季節在飛行時,班機機長以不疾不徐的穩度,得到我與家人和親友的最大信任度,我們大力推荐此航班,給予旅途中的美好印象."
2018年,05月,2,座艙長表示：因為今日的日本乘客較多，機上香檳已經被喝完了，所以無法提供！這是近期在華航機上最常遇到的問題，三月的峇里島航段、四月的沖繩航段、五月的曼谷航段都有這樣的問題，我想這應該也只有華航會有這樣的情況吧！搭乘其他航空公司班機都未曾有這樣的問題，座艙長也表示他們也很無奈??
2018年,05月,4,晚去早回可以減少時差調整之時間，機上餐食較合台灣人的口味，百分之九十的空服員都曉中文幾乎沒有語言隔閡，經濟艙座位大小尚稱舒適，只是3-3-3的座位讓雙人情侶不太容易選位
2018年,05月,4,過去曾搭過該班機，未曾誤點。這次搭乘出發時發現誤了半小時，回程時特別注意了航路，發現走了一個很奇怪的路線，不直接脫離台灣島直飛過去，竟繞了台灣屏東後再飛過去。讓人懷疑過去的航線是不是因為要跟大陸叫板，自已限縮了自已。使得到檳城航行時間多了半小時。
2018年,05月,5,"中華航空一定是我的首選,除了硬體之外,我喜歡空服員細心的服務和來自真心的體貼,感覺只要一登上飛機就心安了,就離家近了.餐點當然可以再改進一些,這是美中不足的地方."
2018年,05月,4,從1964年第一次搭乘華航以來，中規中矩，是我對華航一直以來的總體印象，錯誤率少，服務態度佳，小地方、小個案不談，幾乎沒有甚麼可以挑剔的。但在面對市場上其他競爭對手而言，總是覺得缺少點什麼，但又說不上來。總之，多年來讓我願意一直支持華航，可能就是老牌老字號的這塊招牌吧！
2018年,05月,5,"商務艙的位置舒適寬敞, 躺著睡覺都不是問題 ; 餐點也很精緻美味, 即使途中肚子餓了也有美味的點心可以現煮食用, 空服人員的服務也很貼心, 會主動詢問且注意乘客的需求, 這是一趟出差旅程的舒適結尾 !"
2018年,05月,4,1.整體服務品質水準以上。2.航班時點對於自由行旅客非常適合。3.美中不足的是有時會有些延誤。4.服務人員很親切，服務品質很好。
2018年,05月,4,"櫻花季期間玩關西(特別是京都),可考慮名古屋進出,或名古屋進大阪出,機票較便宜且可避開關西機場出關人潮;在名古屋購物人潮也較少."
2018年,05月,4,"台灣唯一直航廣島,但是班機時間不好,買JR PASS關西廣域+廣島,最遠可以到大阪京都,本次旅遊總共去了5個點廣島市區觀光,宮島鳥居,吳大和號&潛水艇,岡山倉敷美觀地區&MITSUI OUTLET,姬路城,唯一缺點前後兩天浪費了。"
2018年,05月,2,機上無個人電視，餐點非常一般，且沒有飲料車，是後來空姐在紙杯先裝好飲料拿出來，餐點點心是老楊方塊酥，整體體驗和廉航差不多
2018年,05月,5,華航整體的服務其實還算滿棒，常常會盡力達到客人要求跟貼心，記得回程的時候剛好被升等到商務艙，真是一個非常棒的體驗，很舒服～有機會還是會選擇搭華航
2018年,05月,4,之前飛歐洲線是搭到新飛機，這次不是新飛機，機上設備較老舊些。空服員都服務周到，但可能因為航線時間短，服務忙碌，所以笑容較少。有機會的話，會再選擇華航。
2018年,05月,4,還不錯，飛機比較小，但難得有在台南的班機，還滿不錯很方便，旁邊是空軍基地，需搭巴士到飛機旁，起飛會比較陡
2018年,05月,5,讓人每次出國都想搭乘的航空公司，因為服務親善、態度佳?使人有信?感，公司比較有制度、可以讓人有安全感！
2018年,05月,5,5個多小時的飛行時間很長，但機上有提供小點心和飲料，所以不會覺得過於無聊，服務也不錯。是一次很棒的飛行體驗。
2018年,05月,5,"做過長榮及國泰去香港,長榮及國泰的餐很普通,但是華航的餐是魯肉飯+滷蛋,還有一塊蛋糕,而且華航的空服員服務也比國泰好"
2018年,05月,5,近期多數搭乘長榮或廉航，華航的座位及座椅(椅背)還是較寬敞舒適阿，餐點也滿好吃的，但觸控螢幕沒有很好按(當中還當機兩次阿~~)，但整體從掛行李開始就讓我覺得服務人員親切又快速。
2018年,05月,5,向旅行社購買兩人成行玩峇里的行程，沒想到購買後旅行社表示無法劃位，因此我們夫妻被迫分開坐。但地勤人員積極又親切，還是想方設法讓我們坐在中間相連的座位（地勤表示：飛峇里島分開座太傷感了）班機準時、舒適、安全。餐點普通，零食好吃！
2018年,05月,5,本次行程丁姓座艙經理於飛機抵達巡航高度後，用熟悉的語言(台語)詳細的說明本班機預定飛行時間及過程中可能會遇到不穩定氣流等等事項；且在旅程中也給予密集服務讓人感受特別親切。
2018年,05月,5,機上服務人員都很親切！比我之前搭長*感覺還舒服，機上對我的小孩(未滿三歲）很包容，因為小小孩會有不舒服的惰況，最重要的機上餐點，是比其他家的好吃很多。
2018年,05月,3,座椅空間夠也舒適，機上娛樂系統的電影好看，行李的重量要求嚴格，隨身行李會秤重，食物不錯，空服員經驗豐富但欠缺親切感。
2018年,05月,5,無托運行李與使用app預辦登機後可直接前往登機口，無須在櫃台等候。但登機口距離非常遠，幾乎從二航走到一航廈。機組人員服務良好，也很親切有趣。
2018年,05月,5,從check in到在飛機上，服務員都很棒，機上餐點雖然不是最好吃但仍然讓人想起台灣，看電影的桌子很方便，但蠻容易卡住，隨選的內容很棒
2018年,05月,4,出發前搜尋過許多航空公司，11月出發去檀香山，票價比暑假低，不到台幣3萬。相較於去其他國家轉機，華航還是我的首選。在等飛機時發現有不少是來台灣轉機到檀香山的東南亞客或歐洲觀光客。
2018年,05月,4,"飛機做為十分舒適,機商服務員態度也超級棒。幾乎都是有問必答，也會盡力的滿足旅客們的需求。真的很推薦大家"
2018年,05月,5,自香港返台時搭乘華航商務艙，自登機就座後，空服人員立即前來親切問候，提供飲料以及菜單，飛行期間服務始終保持一定的優質水平，親切有禮、不卑不亢。
2018年,05月,5,我是ㄧ個長榮控，這次和朋友ㄧ起出遊朋友也不想轉機只好硬著頭皮坐華航，而且還是坐經濟艙。本來坐慣長榮商務艙的我有次坐經濟艙發現服務很爛、按服務鈴也沒人來、餐點很難吃，本來以?這就是經濟艙應該有的水準！這次華航體驗空姐很熱情ㄧ直面帶笑臉、餐食也太好吃了。我來回主餐都吃完，尤其排骨飯和雞肉炒飯，肉很嫩真的要拍拍手。不管擺盤，這味道打趴ㄧ些頭等艙的餐食了！我想我愛上華航? 只要飛安安全我會ㄧ直選擇華航。還有椅子很好坐，經濟艙我竟然睡到翻掉真讓我意外??
2018年,05月,2,上海飛機爆胎，遲飛。到台北從gate1 一路狂奔去轉機， 沒吃東西，餓昏。 到舊金山機場結果說行李要第二天才到。 朋友托帶的東西在行李里，算好朋友正好當天在加州就可以直接給她，後來只能等行李到后寄去。寫信到中華航空提意見，結果只收到一封道歉信。
2018年,05月,3,"算是比較小的飛機..機上沒有螢幕可以看電影..從金邊搭乘回程的班機,空姐態度不是很好,詢問毯子在哪,空姐居然回覆,就指後面一點的放置行李的箱子..說就在那邊阿...每年出國3-4次...第一次遇到這種服務..真的是蠻傻眼的"
2018年,05月,5,一個人旅行被升等豪華經濟艙，不僅空間舒服，耳機還是全包覆是，餐點一般，去程選擇雞肉餐點比較好吃，魚肉不好吃～
2018年,05月,4,從check in 開始到在上飛機..再到下飛機..他們的服務人員服務態度都很好！很親切！餐點也不會不好吃！下次還會想搭..但可能不會想在托運行李了??????第一次拖運..行李箱被摔壞...雖然航空公司有賠！但因為行李箱是新買的而且才使用第二次就被摔壞！不知道他們到底是怎麼摔的??而且另一件行李是用行李袋裝的！也是托運...結果東西包好好的 ！結果到台灣後..領完行李回家後發現有東西都掉出去不見了...還蠻誇張的是我的吹風機、鏡子跟噴霧瓶的蓋子和頭都不見了...而且是到家整理行李才發現的...但又因為不可能在特地跑回機場去找..就想說算了...這一次就當學個經驗??????
2018年,05月,3,這是華航的定期航班，去程為台灣時間下午1點半從高雄起飛，日本時間約5點抵達熊本機場。回程為日本時間傍晚6點從熊本機場起飛，台灣時間約晚間7點40分抵達高雄。因為高雄跟熊本是友好城市，互動頻繁，華航特別推出三熊友達號（熊本縣廳酷MA萌、交通部觀光局喔熊、高雄市觀光局高雄熊）彩繪班機，機上的頭枕、椅套、紙杯、紅豆銅鑼燒都有熊熊圖案，非常吸睛。不過，可能是班機調度緣故，去程是彩繪班機，回程就不是了；亦即並非每次都是彩繪班機。特別提醒自由行旅客注意的是，熊本機場有免費接駁車，前往JR肥後大津站，再自費搭電車進入市區，值得善加利用。
2018年,05月,4,"高雄出發的班機實在很少,有直飛就已經要謝天謝地了,班機採用的是舊機型,飛行時間約三個半小時,短程航線的飛機餐就不用太講究了,不算太難吃,空服員也都很親切~~"
2018年,05月,1,"1. 前一天已經預辦登機、選好位，一行八人分三個櫃寄行李，從電腦資料即可看出是否已Check in的華航服務人員還故意問了不熟英文的家人要不要換位，因為語文不熟而錯誤回答，待家人發現有問題時，我趕緊告知不要換，己預辦登機，仍未更改回來，直至我們上機才發現。2. 此舉造成原本每二人分坐四排，變成三個人擠一排，一個落單，然後另外插進一對小情侶。最重要的是那班機並不滿，還有很多排是空的，不理解這是什麼服務。3. 最大的服務缺失就是兩個朋友共用一個行李箱, 關島華航櫃台居然說""華航規定""不能倆人共用，所以超過20公斤的部份要繳錢。這是我進出多國商旅第一次聽聞!"
2018年,05月,4,整體航程還蠻舒適的，以短程航班來說餐點也還可以，服務人員回應服務項目也算快速的，個人還蠻習慣搭華航的。
2018年,05月,5,暑假由香港去沖繩，如乘坐香港航空往往都要4000左右。如想用時間換取平宜亦有，今次就選擇了中華航空的轉機行程。由香港到台北 2小時，中途等待兩小時，再由台北到沖繩大約1小時。去程或回程都可選擇stopover台北，而我就選擇回程到台北。後來後悔了，原來行李沖繩去台北有很多都禁運，水果、日用品、米糧等都要重新檢查。去程轉機期間停留桃園機場，而轉機途中都要提示，不會迷路。剛好翻新完畢的桃園機場有很多商店，絕對可以逛一小時或以上。回到飛機往沖繩時總是覺得沒有東西吃，但原來短短的一小時飛行都會派餐，不是包類，而是整整的一個餐。而空姐的效率都是超快，一小時內做齊送餐、收餐、派飲料、收垃圾、買賣免稅商品，真的值得一讚。
2018年,05月,4,"去程航程從報到起飛都非常順利,航行中服務及機艙寧靜都感舒適,因為航行時間只有4.5小時在欣賞二片空中電影即到達新加坡,惟回程時在到達台灣準備降低高度過程中竟發生坐飛機以來的狀況,第一次發生頭痛欲裂,非常不舒服,直到降落後才稍有緩解,這天旅程才5天也沒太累,該好好檢討一下身體狀態"
2018年,05月,4,"這班機 (10:10 - 11:45) 時間很好. 不早不晚. 一切都是跟正常航班(不是廉航). 座位OK, 有一餐午餐供應. Check-in 及 機組人員亦是很好. 沒有什麼不好. 下次可以再選."
2018年,04月,3,臨時的出發到香港，飛機飛行的不錯，座位也算舒服，空服員也不錯。唯一可以談論的應該是餐點，不太好吃，我很少沒有把餐點吃完的，應該要加強一下唷。
2018年,04月,1,四月初因為臨時有事需要改變行程提早回國，請人幫忙打到日本分公司聯絡，卻得到台灣正在放連續假期，要改行程得等到4月9日的回應。後來是自己當天稍晚打國際電話回台灣改機票的。投訴之後，覺得等到天荒地老才等到一封道歉信。華航其他的服務人員都很好，所以我不確定我的狀況是因為，一開始接到電話的客服人員的問題；還是華航的教育訓練有問題，官網明明就有寫，假日(應該是0800-1700)還是有客服人員值班
2018年,04月,3,可能被其他航空公司寵壞了。華航的經濟艙座位明顯更為擁擠，餐點也不太好吃，機上的娛樂電影選片選得很無趣。
2018年,04月,5,從關西機場回桃園的班機上，飛機餐有雞肉跟漢堡排可以選，我比較想吃漢堡排餐，可惜發到我這排時漢堡排已經沒有了...但空姐用很可愛地表情問我「吃雞肉好嗎？」被這樣可愛的要求，只能說好了啊～哈哈哈哈哈哈，不過還好雞肉餐也很好吃喔！
2018年,04月,5,很喜歡搭乘中華航空，這次飛日本時的飛機餐意外的很好吃！比之前搭乘時吃到的還美味～空服人員也非常親切，有什麼需求都能立刻得到回應。
2018年,04月,4,搭乘天合聯盟中華航空航班飛往沖繩，由於航程時間較短，空中服務及體驗並無特別之處，維持華航一般該有的水準，特別的是Ａ350也加入沖繩這條航線，有機會可享受單人座位的商務座位！讚！
2018年,04月,5,親切 舒適 廣播內容很清晰，餐點不錯但可以再加強，機上娛樂播放的電影都很新，可觀看的電影很多，打發飛行時的無聊感很好
2018年,04月,4,服務親切，班機準時。深圳機場很新，通關速度快。華航可以預先在網上選位及預辦登機，取得登機證，在40分前到KHH機場即可。目前中國海關對台港澳人可以申請快速通關。餐點可口，美味，對比中國的航空公司(如東方/南方)要好很多。
2018年,04月,4,櫃?及機組人員一切服務都很好，因出差關係此班機為台中飛越南最早的班機，機上餐點吃起來中等(不好也不差)，而且吃飽後有好喝的茶或咖啡，也可以打發時間娛樂是看一部電影，因為飛機較小台，所以會共用螢幕，當然有時視角不好，所以只能看報紙或雜誌。因為是經濟艙所以位子不會很大，但機師技術很優，讓人有平穩安心的感覺。
2018年,04月,4,我們是跟團體的，所以不能選位。我太太前方坐了個德國胖，裝睡能力一流。椅背調超低的戴耳機裝聽不見。連用餐時間依然故我。請組員去要求豎直椅背完全不理，組員只能貼符？有用嗎？機上餐食老實說不太好吃。如果組員不能盡到應盡的責任，我不推薦。
2018年,04月,3,"櫃?及機組人員一切服務都很好,機上餐點還可以,唯一可以打發時間娛樂是看電影,但不是累格,就是訊號很差,就算調螢幕,還是受不了. 所以只能看報.因為選擇經濟艙,當然知道位子不會很大,但機師很優,起降平穩都讓人安心."
2018年,04月,5,回程幸運選到747上層的座位，相當寬敞舒適，雖然航程時間不長，可以看出服務人員在送餐的匆忙，但是服務仍然是相當到位。唯一的小缺點是因為747機型較老舊，去程座位沒有USB充電孔，回程雖然有充電孔及插座卻都無法使用。
2018年,04月,5,無論升降還是飛行時都很穩定，flight attendant 的服務很貼心，餐飲的水準不錯，航班也沒有延誤，機艙環境乾淨，座位也蠻?闊的~
2018年,04月,4,4月份到釜山，來回都坐華航，經濟艙，但機體大小不同，帶來感受也不同。去程到釜山是較小的飛機，降落釜山時不斷左右搖擺，機上有不少人都緊張的手扶著座椅，但機長技術顯然不錯，在搖擺中是篤定的落地且很快得穩下來！回程是大飛機，一路上平穩安心。至於機上的服務，我想，經濟艙沒什麼好說的，坐起來沒有擁擠的感覺已經算不錯，至於經濟艙的餐點和服務，雖然本就不抱期待，也不到可以按讚，但至少不會到被嫌的程度，若要挑缺點的話，也僅止於部分座位的螢幕常出現直條紋，但還好我的座位沒有。總之，華航走的是中規中矩的路線，不期不待，不受傷害。
2018年,04月,4,"以前沒做過商務時感覺經濟態度不錯雖然坐位小但是起碼乾該有的都有,回程坐商務艙時我才知道e04勒經濟簡直就是個急難所,位置小餐點差空姐有時候態度也差(或許是我們剛好遇到的不好)娛樂機器還不時當機,但回程時商務的空姐真的是完美服務及態度讓人備感尊榮,座位也是經濟艙的2倍大非常適合在旅遊回程疲憊時搭乘.然後華航在關西機場的商務艙也很好不像其他的貴賓室紅酒威士忌白蘭地址可以喝一杯續杯要加價(是隨便你喝的)飲料種類也多雖然餐點不是很多樣但是夠吃飽,只可惜在關西機場華航無法自助預辦登機(去時自助機器是檔起來的)希望可以開啟使用增加便利性."
2018年,04月,5,此次搭機幾乎滿位，但A350-900的飛機很新，許多貼心的座位規劃與設計，讓乘客很方便，例如USB充電孔，前方的置物籃，尤其機上娛樂系統，全螢幕觸控，操作起來很直覺快速，娛樂內容很多樣，讓原本漫長航程感覺時間過得很快
2018年,04月,5,這次搭乘全新A350班機前往維也納，因選擇豪華經濟艙，整趟飛行十分舒適，抗噪耳機有效阻絕噪音，加上座椅寬敞，整趟13小時的飛行獲得很好的睡眠環境！飯後奉上一杯哈根達斯冰淇淋滿足了味蕾，若肚子還餓可以至零食吧索取小點心
2018年,04月,4,台灣到雅加達的航程時間約為5小時半，座位十分的寬敞舒適，在行程地圖中即使是坐在經濟艙說的其實蠻舒服的，供餐的部分是供1餐，提供烈酒及小點心
2018年,04月,4,中華航空在成都機場使用的貴賓室，應是與川航合作。貴賓室空間甚大，餐飲味道雖一般，但種類算多。貴賓室的座位，並有多種不同的設計，可視需要的舒適度選擇。與中國國際航空的貴賓室相較之下，勝出許多。747飛機雖是老飛機，但商務艙的空間夠大，尤其是若選到原頭等艙的座位，更是寬敞。
2018年,04月,3,很久沒搭華航班機了，這次因為公務所以出差搭華航，航班一樣人很多，強烈推薦辦理線上預辦登機服務，可以達到相當好的速度。但是座位這次耳機居然有ㄧ邊沒有聲音，讓我在看電影實在不是很舒服。飛機可以小，但是相關的設備有改進空間。
2018年,04月,2,當時我和四歲小朋友一起搭機，我們排在第四位，並非最後check in 的旅客，地勤人員把我們座位劃分開，直到我在等登機才發現不對勁。華航駐地總經理還為協助安撫我的擔心還說他沒空理我...身為台灣人實在對自己國家的航空很灰心。
2018年,04月,4,OKA->TPE，CA123。此班機華航使用A330-300來值飛。空服親切有禮，十分樂於幫忙。但華航的A330機隊本身的硬體設施過於老舊，商務艙使用老式的沙發座椅，個人液晶螢幕亮度、細緻度、靈敏度都不大令人滿意。地勤清潔還有進步的空間，椅縫中遺留有不少碎屑。
2018年,04月,2,送餐後，趁著空服員空檔的時間詢問有無小餅乾可提供，空服員應允將查看，之後卻將剛用餐餐盤上之水果盒用丟的方式丟到我桌上，且一聲不響，感覺不受尊重。
2018年,04月,3,"CI165這班機每天一斑, 時間固定11點多由仁川飛往高雄, 除了很少數時候可能會有A330, 其他時候幾乎都使用B737-800機型, 也因此飛機內的空間有限. 座位跟同時有飛航的濟州航空以及德威航空差不多, , 差別只有提供免費的飛機餐以及30公斤的托運額度. 洗手間只有提供洗手乳, 並沒有像長榮還有香水噴霧. 餐點有兩種可以選, 也附有麵包, 但主餐份量比長榮BR171還少."
2018年,04月,4,空中服務員態度友善，去程航班大致準時，惟回程時一再延誤，不過都是可以理解的。整體而言服務良好，短短一個多小時的航班都有熱餐供應，味道不俗，不過沒有任何選擇。
2018年,04月,3,我們上機後空服員詢問我們是否願意跟另一組親子臥艙的乘客互換座位，好讓他們離家人近一點，方便他們照顧孩子。空服員很親切，我也覺得換個位子沒什麼，但等坐妥之後發現腳墊是髒的這點很讓人失望（我看不出來是什麼東西打翻了，只看到乾掉的固體殘留物，是完全沒有清潔的狀況）。後來我們就用紙巾擦掉然後把毛毯蓋在上面直接使用，因為我想空服員也沒有辦法做更適當的處理了。與去程相比，這趟回程因為滿座的關係服務品質多少有些下滑，但基本上還是中規中矩。機上電影不錯，無線網路傳輸速度很糟。
2018年,04月,4,這躺的2個餐點都還不錯~~空姐服務也很好，座椅空間也還算可以，後來有發過夜包，影音設備蠻新的~影片內容還不錯
2018年,03月,4,非常不滿的是座位的螢幕老舊太小了! 屬與舊型的，我覺得日本籍的空姐服務較真誠親切很讚!我注意新一季制服群居然有開岔小露右大腿喔
2018年,03月,5,"空服人員服務親切,機艙整潔,唯餐點普通,雖有兩種選擇但居然去程回程都碰到空服員告知其中一種餐點已經沒了,真不知是何情況"
2018年,03月,4,第一次搭華航的豪華經濟艙 跟之前搭長榮的比起來 華航的餐點是比較好吃 但是份量也比較少 飲料選擇少很多 長榮的飲料選擇很多還有綠茶和可爾必思 對於不愛酒和可樂的我 多了一些選擇 所以搭華航只好喝果汁和水，在餐點的服務上 長榮是一位位客人問餐點 然後空姐再去端來比較有特別為你準備的感覺 但華航是推著餐車問，娛樂上 華航的娛樂還好 裡面的台灣精選綜藝節目非常的老舊，我有使用付費的網路 速度還可以接受 畢竟在天空上 不可以要求太多 但會覺得費用既然沒有非常高的話 為什麼不給豪華經濟艙的旅客免費使用呢 就包在機票賣就好啦，如果再讓我選擇的話 應該是回去長榮的豪華經濟艙了
2018年,03月,1,"我和先生還有媽媽去北京旅行，來回都是搭乘華航，去程的餐點很難吃，餐包完全冷到乾掉，而且餐送完就再也沒問是否要補充茶水，回程更誇張，餐點雖然好一點，但小姐上餐點幾乎是半強迫你要各選一個口味，我請小姐更改，態度很不悅，餐盒也用丟的，我用餐時因為椅背沒有調正，空服員居然沒有告知我就直接調整椅背，什麼時後空服員變的這麼魯莽了，等到飛機準備降落，因為我桌上有水杯，所以空服員請我們將桌子收起，但我當時在睡覺，是旁邊的媽媽要幫忙遞水杯給空服員，但因為媽媽是聽障，沒聽到空服員說把""衛生紙丟到水杯裡就好"",空服員居然發出不耐的""嘖"",然後粗魯的把水杯收走，我當下有回應空服員媽媽是聽障聽不到，或許是飛機太吵，她也沒道歉就離開，下飛機整台飛機的空服員那個拜拜像含滷蛋，要說不說，有的還站三七步，天啊，我真的沒搭過這麼糟糕的服務。"
2018年,03月,4,常會選擇乘坐中華航空來回台灣， 因為機票價錢較低， 但空服人員服務態度很好 友善 親切 常充滿笑容， 機艙又整潔， 座位舒適， 飛機餐又較合口味， 飛行穩定， 航班準時。
2018年,03月,4,我較常會選擇中華航空， 空服員態度親切 充滿微笑，機艙整潔舒適， 飛機餐味道較合口味，座位舒適， 而且航班較密集來往香港及台灣， 機票價錢較低。
2018年,03月,5,是3-3的座椅配置，機上沒有個別的娛樂設施，有提供共同的螢幕，撥放影片。因此在機上的時間適合休息、睡覺，建議可以帶本小說，有需要的時候可以閱讀。
2018年,03月,4,空服員工作熟練，播音超專業。餐飲方面經濟艙，雖然預算有限，但是用心，炒麵裝盒時應該有加水跟油，餐盒微波後，不會黏成一坨，也沒有太乾! 是空廚研發用心! 很感動可以對經濟艙的餐飲如此用心!
2018年,03月,4,"台北出發飛往廣州,機上餐食不錯,竟然有滷排骨飯,餐食不錯,但是服務人員態度不是很好,感覺好像欠她很多,讓這次飛行體驗較不好,機型是777座位很大,電視螢幕也很大!硬體上整個非常好!就服務態度待加強!"
2018年,03月,3,我們搭乘的是台北直飛夏威夷的飛機，當天是全滿的，有點意外，整體來說服務是好的，辛苦各位空服員了..飛機空間也還可以（就經濟艙啊.....），個人電視的操作還是很舊的機器，我以為應該要更新了（有點驚訝）在拿免稅品雜誌時，拉出一些垃圾，清潔的部分需要再加強....
2018年,03月,4,"第一次一個人帶著二隻孩兒挑戰坐長途飛機,很怕孩兒會因為無聊吵鬧,雖說對自家孩兒的個性頗具信心,難免還是有點忐忑,登機後知道每個人都有專屬螢幕放心不少,內容也很豐富,有很多強檔電影.音樂.以及兒童娛樂遊戲,能夠讓孩子開心渡過機上時間,算是對長途飛行的煩悶增添了不少樂趣..."
2018年,03月,5,"1.這次搭乘華航的豪華經濟艙,體驗很舒適,適合有年長長輩同行2.此次看到有同機的旅客托運R牌鋁殼行李箱被擦傷(是擦痕,不是撞凹的那種)而碎念,(但哪個行李不會有擦痕呢)?如果你很在意又很寶貝它,建議可買個座位給它!3.豪華經濟艙被安排入坐的順序是在ZONE3,如果有排隊優先強迫症的人,則不建議,頭等艙會比較適合你"
2018年,03月,3,777商務是華航15年主打，這次因為班機調度的關係居然有機會搭到這台新機型，還真的是運氣，不然以華航在亞洲區域航線的運用應該還是以330為主，搭到330那就更不爽了，作為門面級商務艙，硬體上算是還不錯，比我在卡達380上的商務來的空間更寬裕，AVOD的反應也蠻不錯的，廁所更是我搭過的飛機裡面最大的，這些都要給稱讚。但是其他的就實在是有一些讓人不開心的點，首先是準點率，這班機毫無意外得幾乎每天都晚點(意思就是回到桃園的時間比原訂的都在再晚至少一個小時)。偏偏我搭的時候又晚了快2個小時，表訂回家的時間對中南部的人就以經夠晚得了，偏偏又誤點一下(到家都以經是半夜2點了~媽的)，實在很想訐譙華航，機上的1-2-1的商務中間居然沒有隔板可以升起(15年的飛機比人家12年的還搞)，我跟一個陌生人四目相望了幾次，真心覺得沒道理不弄個隔板，最好笑的是餐後的飲料，空姐過來問了我要不要在來一些，把我的杯子收去之後然後再倒了大概1/3的高度過來給我，我在卡達的時候，直接上新的杯子不說，連飲料也沒有小氣到這種無以附加的程度。當下當然是覺得林北付商務艙的錢，這種服務品質真的是沒有第二次機會了。飛機搭過幾家了，好的壞的都見過，這樣的服務我自己是覺得端不上檯面啦。加上這家勞資不知道怎麼的一直搞不定，哪天被罷工搞到你也不知道，除了台灣人之外，實在是沒有選這家的理由，大家看看就好。希望華航能越做越好囉~嘆
2018年,03月,3,台灣出發怎麼樣都會搭到華航的，出發的去程是330，硬體真的超級舊，東西也不是很好吃，不管搭那條航線，吃到的飛機餐永遠都是那個樣子，雖然不是很難吃，不過實在是也說不上好吃。加上avod的畫質之渣，反應之慢，坦白說硬軟體都實在是有點鳥。搭機之前有去華航的一航貴賓室，不得不說退步好多，吃得也變得好差，加上硬體的老化，本來在心中華航的一航貴賓室可以說是桃機裡面最棒的貴賓室，劣化的好厲害。整體來說，搭乘的心得很明顯得不如其他的航司，雖然有點遺憾，不過還是那句話~加油好嗎?
2018年,03月,4,搭乘商務艙，空服人員服務周到，態度親切，唯獨餐點口味不是這麼地優，座位還算舒適，因為不是大型飛機，這樣算很不錯了。
2018年,03月,3,去程的航班是3/4/3座位，搭配舊型的電視，一如往常很漂亮的空姐，但食物難吃也是一如往常，抵達曼谷後可以明顯看到空姐們臉上的疲憊以及收起的笑容。回程航班是3/3座位，只有中央大家一起看的電視播放電影，感覺都很資深的空姐，但服務是很棒的，可惜食物還是非常讓人失望，主餐都讓人吃一半就不想吃.....綜合以上經驗，我以為我在搭廉價航空。
2018年,03月,3,"搬來雪梨後每年回台北的直飛班機只有華航,說實話如果可以有其他選擇直飛真的不會想搭華航。飛機從A330升級成A350體驗有明顯的提升。耳機很爛所以想看影片的人建議帶自己的耳機。每個人座位發毯子，牙刷牙膏則是要另外跟空服員要。經濟艙的食物真的挺難吃的尤其是從澳洲出發的班次，爛到我索性把下次從台灣轉去飛去日本的華航班機一次都選了水果餐。服務方面我覺得華航空服員的水準有待加強，上飛機被一位沒選位的父親強占我的位子空服員只冷冷的說只要我們自己喬好就可以完全沒有意思請該位乘客回自己座位也沒經過我同意。我買轉機票時在飛機上跟空服員表示不需要用餐因為之後下一班還有餐點空服員卻回我不好意思我們沒有下一餐喔。難道我台灣人不能回台轉機嗎？雖然服務不甚滿意但價格從外點飛算是蠻有競爭力的。從澳洲飛到東南亞北亞或是歐洲透過華航轉機價格比其他航空公司漂亮，連兩年同時間搭班機感覺長途轉機的乘客有成長。"
2018年,03月,2,近五個小時的飛行時間，卻搭配沒有個人螢幕的班機，實在是不及格，跟搭廉價航空有什麼兩樣？國外許多航空公司若是飛機沒有搭配個人螢幕，也會搭配機上WIFI娛樂系統，讓旅客可以用個人手機或平板觀賞自選節目。華航這點很糟糕。然後去回兩趟服務也是不同的水準。去程除了正餐還會提供點心，回程則無。重點不是計較那些零食，是在於，這表示華航對於服務流程與員工訓練並無標準化，碰上什麼水準的空服員就看運氣了。
2018年,03月,4,運氣很好搭到777-300的飛機，座位被安排到可以把腿抬起的位置，空間是比長榮小一些，但螢幕大、餐點好吃、空姐空少都很親切
2018年,03月,4,我在官網購買經濟艙機票，劃位時發現可以劃到2樓的商務艙座位，覺得非常幸運！不過當然實際的餐點服務等，還是依照經濟艙的安排，但能享受電動座椅，寬敞座位，個人電視設備，已經覺得物超所值。華航一切服務都很標準，品質一向穩定，起飛降落時也很穩定，不會有特別感覺，令人覺得安心。推薦大家可以到官網購買機票，碰碰運氣喔！因為我回程也劃到豪華經濟艙座位，波音777客機，設備新穎乾淨，此趟旅程相當舒適。
2018年,03月,4,這次從台南搭機前往大阪，不知道為什麼，去程的飛行時間只有兩個小時多，很可惜台南往大阪只有午去早回的飛機，時間不是很好。這班飛機是左右各三排的座位排列，沒有個人娛樂，空服員服務良好，櫃台報到一切順利。
2018年,03月,4,經濟艙配置為3-3，馬尼拉開櫃時間約為表訂時間的前2.5小時，此航班停靠於馬尼拉機場第一航廈，這個時間的機場非常多人，建議提早到機場或預先辦理網路Check-In，以免耽誤到行程
2018年,03月,4,"以長程班機來說 , 華航的服務品質算是不錯 , 一上飛機就會給你過夜包 , 可以換拖鞋放鬆, 機上的娛樂設施也很棒 , 沒有故障或沒有影像的情形 , 不想睡可以打發時間 , 整體來說服務品質不錯!"
2018年,03月,4,以往出國都是搭長榮班機，這次從台北松山到東京羽田，因為買不到機票，就換了華航，想不到服務也是非常的好，專屬的APP可以直接報到有電子登機證，挺方便的！因為也有辦理快速通關，讓整個日本東京行都非常的順暢，華航的服務也是不錯的，下次出國會再繼續搭華航喔！
2018年,03月,5,服務員非常的友善，回程的時後，椅子上的電視當機了，請服務員幫忙，電視馬上就好了。詢問晚餐要吃什麼時，還會用雙語詢問，就怕我們聽不懂。排隊需要上廁所時，服務員會帶我到沒人使用的廁所，飛行時後也很穩，有不穩的氣流時，機長會廣播提醒大家回位子上，整體而言，這是趟非常愉快的旅程。
2018年,02月,4,為了住高雄的家人我們選了時間比較適合的華航，空服人員很親切，客艙也整潔。機上購物品項不太吸引人，餐點尚可，耳機是入耳式的，當然經濟艙不能要求太多，只是小孩子沒辦法戴，下次要自己準備了。
2018年,02月,5,此次前往吉隆坡訪友，搭乘商務艙，一登機就有香片款待，座位寬敞乾淨，由於前天較晚睡，在機上小睡，不知不覺到了用餐時間，空服員等到我醒了才過來詢問午餐項目，相當貼心的舉動。整體旅程相當舒適，給予高評價，希望繼續保持。
2018年,02月,5,我們因為要去clubmed 還需要拉車的時間，所以華航的時間還不錯，選了一個早出發晚回來的航班，如果真要說缺點的話，影視系統太舊了，遙控器不太好使用，movie都要等起飛後才可以看，有的航空公司很早就開始影視系統
2018年,02月,3,有時候希望準點.偏偏遲到.著航班是乎沒什麼整理.DIRTY.一路上咳嗽的病患讓我害怕.航空公司是否有權利不承接有流行性感冒人.空中給的簡單的冷盤讓我領教商務艙的髒亂.暗藏內櫃有著讓我訝異垃圾.
2018年,02月,4,去過台北無數次，亦選乘過不同的航空公司，始終覺得華航十分不錯，尤其看到近年以香港為基地那兩間航空公司的退步，更覺華航難得。機艙服務員保持到一貫的良好服務及有禮，航班時間選擇亦很多，為何還要選擇那些不斷退步的航空公司呢？
2018年,02月,3,CAL A330的舊型客艙已經舊到快無法使用了。機上娛樂系統螢幕一堆雜訊，基本上是完全無法使用的。不過台港線還保有熱食，算很佛心了。
2018年,02月,4,親切的協助行李的放置，旅途中的要求與詢問都可以即時收到回覆。用餐動作比較慢也不會感受到壓力，可以悠閒地一邊吃飯一邊觀看機上娛樂系統提供的電影。
2018年,02月,3,時間很不錯，又從松山回，對住台北的人很方便，而且從日本回來的飛機餐是日本空廚，果真光米飯就差很多，連飛機餐的米都好好吃，水果也超及好吃跟甜，還有日式甜點，服務也很好，但是飛機整個飛常超，ㄧ直ㄑㄧㄑㄧ叫，不知是不是飛機太老舊了
2018年,02月,3,我已經很久沒坐華航了，這次家族旅行坐它，雖然他們的服務很好，但是我第一次坐飛機它在起飛跟降落時飛機中間的行李座跟它的屋頂發生超吵的聲音感覺飛機快解體了，然後明明天氣很好，開飛機像喝醉的開法，坐起來超不舒服，我覺得我不回在考慮坐這段航班跟機型
2018年,02月,5,第一次搭長途飛機，華航在歐洲航線除了FRA其他都是採用最新的A350執飛，且華航的豪經艙相當便宜。雖然無法像是商務艙那樣奢華，不過豪經艙的服務也很不錯了。空服員會一個一個詢問餐點在個別端過來，且餐後都會提供冰淇淋！且椅子可以向後45杜，對於長途航線真的跟一般經濟艙差很多！
2018年,02月,5,國籍航空，航班多，親切 有禮，給予會員許多折扣&優惠，系統介面使用相當人性化，機型大 坐位多，機上免稅商品選擇多
2018年,02月,4,飛關島要3個小時卻用小飛機，遇到亂流超級晃，重點是，飛行技術時好時壞，我去關島兩趟，第一趟(周六出發)遇到的飛行員技術有夠差，落地非常重，第二趟(周三出發)遇到的飛行員技術較好，起飛落地都很平順，至於服務態度...真的要看運氣，第一趟去關島，空服都臭臉，跟乘客說話也好似命令的口吻，第二趟去，空少滿臉笑容....看來周三出發的那班空服員比較和善，飛行員技術也較好......總之搭華航的這條航線，很看運氣....
2018年,02月,4,搭乘國泰往來台港，因為航程短，餐點都是雞肉捲，但華航竟然供應正常餐點，真是嚇壞我了，趕緊用餐以便空服員能順利收餐。覺得華航空服員賞心悅目。剩下就沒什麼特別，畢竟只飛一個小時。
2018年,02月,5,之前都是選搭長榮，一直以為私人的EVA服務會是最上等，雖然從來沒有特別感受到，因為空服員真的很忙。不過最近幾次選擇華航，價格比EVA便宜一些，服務卻讓我超過預期。每位空服員都很親切，機餐也滿好吃，尤其這次回程的座椅，寬敞又舒適，以為是按摩椅還是在商務艙，非常滿意，大推華航！
2018年,02月,4,每次去上海幾乎都搭乘中華航空，服務和登機速度都很好，餐點部份口味也不錯，兒童餐部份小孩也喜歡，每次都會拿到給兒童的小禮物，小朋友都很開心，近期搭乘都是小飛機所以沒有影視部份，無法評論。整體來說，華航是不錯的選擇，機師也都飛得穩穩的。
2018年,02月,5,"空服員服務態度親切, 班機座位幾乎客滿,農曆年前的休閒度假, 所有旅客心情皆很放鬆,若再一次造訪, 還是會選擇中華航空,"
2018年,02月,4,"上了飛機以後,總是覺得比較不舒服,用餐時也比較沒有胃口,但是我建議如果有中華航空公司的會員卡可以到貴賓室的話,千萬別忘了起飛前用個簡餐喝個飲料,然後在飛機上也比較好睡.這裡的餐點包含著開胃菜,主菜,還有隨著日期不同提供的餐飲服務.建議牛肉湯麵非常得好,因為要上飛機不要吃太難消化的東西,所以我建議一些小菜和牛肉湯麵. 大家不妨試試看."
2018年,02月,4,在找尋高雄飛往香港班機時，赫然發現其實選擇不多，國泰港龍和華航，二者價格差不多，為了支持國籍航空，且華航的航班時間較為適當，因此此次班機選擇華航。機濟艙的座位空間原本就小，機上餐點也因飛行時間短，所以沒啥好期待，回程時曾在網路上預約水果餐，但不知哪個環節出錯，機組員沒收到預約，所以只好吃一般餐點，很簡單單純只是填飽肚子。整體而言，搭乘華航不用擔心溝通問題，因為飛行時間短，也就沒甚麼特別的服務。
2018年,02月,4,我真心覺得服務華航真的比長榮好很多.每次出國我幾乎都會選擇華航為優先選擇.希望服務能再繼續怒力加油保持下去
2018年,02月,4,原本很耽心台北飛紐約時間長，但這回搭乘 華航 777，空間感挺好的，在商務艙也滿，經濟艙也很滿的情況下，選擇豪華經濟艙真是令我有物超所值的好感！也或許己習慣華航的服務，也因此備感親切！真的有一種出遠門很放心，回家很窩心的感覺！
2018年,02月,5,服務小貼心，贈送旅行隨身包，方便乘坐與盥洗，影片選取多樣化，影片多，又有USB及插座可供充電，服務人員服務也很貼心，服務周到專業~~
2018年,02月,5,一上飛機就覺得整個機艙煥然一新，座位變得更舒適了，電視的螢幕也變大，操作系統也更友善，可惜只有飛到沖繩無法充分的享受，算是這趟搭飛機的驚喜與小小的遺憾。
2018年,02月,3,以前跟團 坐過旅行社的團體位置，也自行和 家人搭過經濟艙。這次 和家人坐商務艙，感覺服務真是太好了，所以坐經濟艙的就沒有服務可言嗎?而且還幫忙哄商務艙客戶的小孩，以前都不知道可以這樣利用ㄟ，真是太笨了!話說回來，不管哪個艙等，真心希望華航大量換新機隊，總覺得華航整體零件好像搖搖晃晃的，聲音太大聲了!
2018年,02月,4,華航我搭很多次了，服務都維持ㄧ貫的水準，機上娛樂系統很好，餐點也覺得還行，飛機餐嘛！不用要求那麼高，整體來說不錯.
2018年,02月,5,本次搭乘覺得機艙位偏小，伸腳空間不足。但餐點很不錯，晚餐以及早餐都好吃，連水果和米飯品質都很好，令我驚艷。電影選擇多可打發不少時間，服務人員十分親切且服務品質良好。
2018年,02月,5,此次旅遊是參加原敞/勝利公司.從台灣高雄出發前往日本北海道千歲機場.一路飛行順暢.空服員很細心體貼.飲料餐點都很合胃口.每次出國是首選的班機.空服員很親切的笑容.座椅都舒適.
2018年,02月,4,在4小時的旅行中，登機後，你可以在飛機上吃午飯然後喝一杯，然後準備著陸，所以在飛機上感覺不到很長，沒有任何延遲，這是我第一次把中國航空和第一次去台北
2018年,02月,4,上次搭乘青森-台北(因為是包機的小飛機，位置全滿，座位很小也不能看電影!) 位置太後面的話，餐點會無法選擇；但空服務員服務態度不錯!此次搭機經驗尚可。
2018年,02月,4,座位並不大，但硬體設備完善且新穎，算是新型的飛機。餐點一般般，沒有什麼太特別的口味，是一個蠻普通的搭乘經驗。
2018年,01月,4,劃位櫃檯主動告知隔壁有嬰兒，建議更改原先網路預訂的座位，APP操作方便，但機上餐點普通，也沒主動提供酒類飲品。
2018年,01月,5,座椅舒適 空姐服務非常好 整體來說非常整潔乾淨，飛機餐的水準算是非常好 座位也非常符合人體工學 腳的伸展空間非常足夠
2018年,01月,5,第一次坐到這麼大的商務艙，超級舒服的，整個人可以躺平，根本感受不到航程有4小時，服務人員從頭到尾都會稱呼妳的姓氏，服務態度也很好，餐點品質也不賴，大推薦！
2018年,01月,4,飛機餐變滿好吃的，跟我上次坐時吃到的有落差，也比長榮的好點，前次對華航印象差因為空姐紅酒噴到我反應了卻當沒事，這次是沒確認乘客安全帶有無扣上就起飛了!然後每個位子上都沒有耳機要自己找空姐要，不過跟廉航比我想還算可以了!
2018年,01月,5,第一次帶小孩出國，機員很幫忙~還送小禮物給小孩~很注意家長的需求!餐點普通，位子很舒服~機上廁所很乾淨!
2018年,01月,3,"如同標題，到達關島當地發現箱子被摔到破掉。因為是去關島舉行婚禮的，感到有點困擾，由於家人也有類似經驗（不確定是否也是華航），馬上請當地地勤開立證明。不過在美期間當地華航辦公室都沒有與我們聯絡。由於箱子破損嚴重，我們又需要箱子裝載我們從婚紗公司租借的禮服。所以在當地另行購買了箱子，破損物委請飯店處理。抵台後，向華航申請賠償，雖然需要自己follow up,畢竟對她們而言不是賺錢而是賠錢，最後也拿到賠款。畢竟華航是台灣的國航，雖然不積極處理但最終也是有處理。下次還是可能搭乘。"
2018年,01月,5,"越來越優的航空公司,從訂票,更改航班,到報到,貴賓室至機上,無微不至,服務佳,親切,設備品質佳,飛行平穩,餐飲還可以,人員親切有耐心。"
2018年,01月,5,去年飛了二次大阪都是坐華航的，春季時家母有事臨時無法出遊。原本是透過旅行社買票但因春節假日此只去電請客服小姐幫忙，很感謝聽完原因後馬上幫忙更改。讓我們票期順利延後，近幾年來華航大幅度改善大家有目共睹，希望他們的市場佔有率節節超越對手哦。
2018年,01月,5,因為上機前身體不適，一上機到頭就睡。空姐也未打攪，輕放我的水果餐在旁邊，水果餐很精緻且多樣，雖然身體不適，仍吃了一些。機上服務也很好，組員都會親切打招呼及服務。機長技術也很好，落地完全沒有感覺，是趟很舒服的搭乘。
2018年,01月,4,去程機上水果餐沒有很好，重複性高。回程的水果餐就相對精緻及多樣化。機上服務人員態度佳，面帶笑容。機長升降技術良好，沒有不適。
2018年,01月,5,"每次都搭A350,或747飛機～～ 都有機會升等豪華經濟艙跟商務艙～～ 舒適度大為提升！不能錯過的國內五星航空"
2018年,01月,5,我們買的是港幣連稅1200多的來回機票，對橫跨除夕新年來說，是非常不錯。令人特別滿意的是：1) 華航在台北車站可以辦當天出發的航班的行李寄艙，非常方便；2) 當天執飛的是 A350-900！！！這航機內部裝修一流，座位十分舒適，每一行的間距也比較大。其他各方面，如服務、食物也有保持水準。香港飛台灣大力推薦！
2018年,01月,4,其實從香港到台北航程這麼短，也沒有太多服務可言。飛機餐正常。航班也算是準時出發準時到達。我們這一程坐的是 A330-300，座位前後間距有點不足，我身高約 174cm，坐得不是最舒服。行李限額 (30kg) 倒是非常足夠。整體來說還是不錯的。
2018年,01月,4,一般的價錢、一般的餐食，機上娛樂系統還不錯。座位大小和伸腿空間都和一般的航空公司差不多。官方網站的訂位修改系統滿方面的。
2018年,01月,5,"基本上每次到台灣都會選擇華航為我的首選, 因為每次都感受到他/她們的專業及貼心的服務. 不論是空員或是地勤人員都非常值得一讚. 就以今次為例,想借 tripadvisor 讚一下華航的地勤人員, 01Jan 當天早上當我check-in及寄行李後, 有突然狀況希望可以改早一班飛機回香港, 地勤人員都非常樂意及專業地立即為我提供協助. 另外, 各空服人員也非常有善, 專業, 真心多謝他們的幫忙及在短短的機程中提供優質服務!"
2018年,01月,4,搭乘中華航空公司的航線出國，地勤人員態度親切客氣有禮貌，對於報到及托運行李等手續都能提供協助，飛行途中如有任何的疑問需求也能立即提供協助，因此出國搭乘中華航空的班機也已經有相當長時間，感覺上整體飛行航程服務都很不錯，是一家值得推薦搭乘的國人航空公司。
2018年,01月,4,這班飛機我在去年搭過，完全準點。但今年元月初我搭時，就晚近半小時開航，航程又比預定飛航時間晚到。回程時，同樣晚半小時出發，底台灣時慢了近一小時。除了飛航時間，其餘還不錯。
2018年,01月,4,一月去北海道札幌搭乘華航，覺得座位小，餐點普通，影音設備比較舊，回程還碰到影音系統故障。朋友1/11札幌回台灣，還碰到大誤點，說機器故障要調班機，發了1500元餐券，等到快12點起飛，凌晨到台灣，真是耗了半天多在機場，真是累到。
2018年,01月,4,印象最深的就是一開始在桃園機場報到時使用自助報到櫃台，要掛行還要去現場報到櫃台掛行李，螢幕顯示更改後的櫃台號卻不知，導致旅客在2道櫃台間穿梭卻無法掛行李，還好這只維持短短5分鐘。機組人員的服務很親切，因為經濟艙又是第2段上機，像耳塞之類的物品皆無法順利取得，就表示不用了，但貼心的機組人員於5分鐘後送上了一組耳塞，非常棒。不知是香港機場班機太多還是期他因素，回程班機原定晚間9點多起飛，也晚了快2小時，抵達台灣將近12點了。總歸整體服務都很好，重要的是個人的行李有40公斤，簡直超棒，出遊時可以安心買。
2018年,01月,5,對於一個好吃白米的人，空中微波餐的米飯永遠無法滿足我的味蕾，沒想到這第一次讓我品嘗到與家相同的米飯滋味！只是海鮮配料口味過重。
2018年,01月,5,親切的機組服務人員!超級舒適的商務艙座位!好吃的餐點包含配餐的酒品都令人十分的滿意!觀賞機上最新的電影更讓這3個多小時的飛行時間一眨眼就過了!
2018年,01月,3,晚上11:35班機，機組人員服務親切，也不定時會去確認環境是否乾淨。但搭長途班機(13H)，飛機硬體設備卻不是很好 ex:坐位不是很舒適，加上機上餐點及飲料選擇少，直飛為唯一的優點」
2018年,01月,3,"可能是航行時間較短，所以特別餐可以選擇的項目很少，所以只好點中式素食餐，但１來回菜色內容居然都一樣,沒有變化,重點是沒有很好吃。另外飛大陸的班機真的很容易誤點，這是無法避免的，只能習以為常"
2018年,01月,5,因為過年初一訂不到機位。所以提早一個月便宜又不擠！華航貴賓室最有名的台灣牛肉麵一定要吃。還有茶葉蛋。烤蕃薯！必點！
2018年,01月,4,"此次回台我們預定的是商務艙，但不管是經濟艙還是商務艙每次飛行最傷腦筋的就是機上的餐點，因為我們是預定素食餐，可是都無法好好享受，已經試過不同種類的素食餐，屢試不爽，簡單的炒飯或炒麵都好吃，可是它們的餐都是好奇怪的組合，口味真的不適合我們，實在很難把餐吃完，常常剩下很多，讓我有罪惡感，希望機上的 素食餐應該有所改善,不然真是浪費掉，太可惜了。"
2018年,01月,5,"華航真的沒有那麼不好,這麼多年來,大多數旅程我還是選擇華航;不過這次到東京的飛機餐有點退步,反而是回程日本空廚的食物比較好吃,希望未來華航可以注意"
2018年,01月,5,去程班機雖然延誤 很貼心的為旅客提供了簡訊及郵件的告知 這次剛好升等到較寬敞的商務艙座位 舒適度與性價比都很高 我想我下回會考慮搭乘商務艙
2018年,01月,3,從台灣到大阪去程是搭乘A330的機型，座位配置是2-5-2，螢幕觸控實在是非常不靈敏，而且到飛機起飛到一個高度後才能使用，A330的座位空間比較小，但對短程航線沒有什麼影響，飛機餐一如往常沒有什麼驚喜，華航同樣飛大阪有其他機型可以選擇。
2018年,01月,4,這次從大阪回來剛好坐到BOEING-777的機型，比去程A330不管是座位與螢幕大很多，座位配置是3-4-3，觸控螢幕非常靈敏，提供的飛機餐是日式雞肉飯或豬肉飯，以同樣價位來說，華航大阪航線有不同的機型在飛，可留意挑選777或A350的班次做起來會比較舒適。
2018年,01月,3,今次台北去程及回程也是乘搭中華航空，都是屬於大型飛機，服務質素還可以。但飛機餐味道一般，同時，去程及回程均有延誤情況，等很耐才成功上機及起飛。
2018年,01月,5,這次搭乘經濟艙跟豪華經濟艙，去香港的時候經濟艙，不知道是不是敏感，這次搭中華航空讓我整個飛行旅程都一直頭暈，回程坐豪華經濟艙，位置比較舒服，座位空間大，還有一台比較大的觸控式螢幕，結果全程還是頭暈= =但服務與餐點都室不錯的^^
2018年,01月,4,中華航空-香港飛台北的班次算是較多，短短兩小時以內的機程也不能要求過高，有提供熱食餐，打開還能見到蔬菜呈綠油油的狀態，感到很驚喜！但機上的電視螢幕較小，需要改善
2018年,01月,4,"我被安排在40E 座位寬敞, 前面沒人只有牆壁. 厭煩的是有些人不繞行空姐準備區或廁所走道, 硬是要從我前面走所以我不停的縮腳伸腳, 根本沒能好好休息, 拜託 ! 這款飛機是新型的飛機內裝是假木作的木紋設計, 非常中式, 廁所還有山水畫, 蠻漂亮的:)可惜的是, 飛機上的毯子感覺很不乾淨, 似乎不像清洗過. 最倒楣的是, 抵達阿姆斯特丹沒幾天我就得了帶狀皰疹我懷疑是在機上被傳染 :'("
2018年,01月,4,"雙十假期, 帶小朋友去日本東京旅行, 回程選搭了中華航空的班機, 我真心覺得, 空勤組員的服務因人而異, 有的組員很熱情, 有的則是依據標準流程再做事情, 也不能說他不好, 只是感覺少了一些溫度, 飛機的機型是舊的 A330, 所以沒有 B777 最新的螢幕解析度, 但是以短途三個小時的航程來說, 還算可以. 因為雙十客滿的關係, 太太升等商務艙, 商務艙的餐點好吃許多. 如果有選擇的話, 會比較推薦新飛機的商務艙給大家參考."
2018年,01月,5,服務很好，親切周到。餐點不錯。但是，座位前面的視頻系統有些過於老舊了，模糊，看久了眼睛很累。總體還是很好的啦。
2018年,01月,3,去年9月飛想港的時候很幸運地搭到777的機型，內裝讓人驚嘆!但這次秉持著一樣的期待再度選擇華航的時候，反而發現747的內裝太過老舊，機上隨選娛樂系統其實畫質已經很模糊了，但值得鼓勵的是服務態度還是很良好!
2018年,01月,4,中華航空的服務一直都算不錯，可惜這幾次飛行覺得餐點似乎變差了，每次都有失望的感覺。其他像掛行李、登機、取行李時效則都還不錯。另外貴賓室的品質方面，第二航廈顯著比第一航廈差，第二航廈食物選擇也多很多。
2018年,01月,4,空姐服務親切，A350座椅商務艙採雁狀排列，個人空兼具隱私。餐點很合中國人口味，影視節目選擇多。唯一美中不足的是華航在桃園機場的商務艙貴賓室，當天因為是連假期間，幾乎沒有位置坐，加上貴賓室空間沒有對外窗，因此空間顯得非常侷促。
2018年,01月,3,可能是飛機上旅客太多，而且飛行時間也不算長，向空服員(小姐)要一副撲克牌，雖然答應了，但是一直到我下飛機都忘了給我，當然，我並沒有向他要第二次。
2018年,01月,5,須先至自助報到機器列印登機證才能到櫃檯報到寄行李，櫃檯人員服務態度很好，登機作業也很順暢，空中飛行的餐點還不錯，整趟旅程很愉快
2018年,01月,5,這是第一次帶爸媽跟團去日本賞櫻，也是爸媽的出國初體驗，華航的行李政策非常大方，讓我們能在日本放心購物，地勤和空服員的服務也都很親切，爸媽對第一次飛行的體驗很滿意，以後還會考慮再搭華航去日本玩。
2018年,01月,3,"首先要感謝中華航空帶我們平安的去台灣,和平安的回美國. 這兩趟都有令人驚艷平順的降落,真的很棒,平安是最重要的. 但還是有些小小建議. 我們去台灣的那趟買了兩張豪經和兩張經濟.經濟艙給的毯子,有些有包裝,有些沒包裝(跟回程不一樣;回程都有),沒包裝的明顯感覺是上一班的人用過的,感覺就是不夠乾淨,真的不ok. 我們豪經的椅背是壞的,我們全程14個小時,只能直直的坐著,座位附近也有同樣不幸的旅客,真的很無奈. 還有機上的兩餐都很難吃,早餐的賣相尤其糟糕,令人瞬間失去食慾.幸好回程稍有改善. 但是,平順的降落很讚!"
2018年,01月,3,"雖說有MAIL 告知班機DELAY 二小時(最後是3小時) , 但是仍需按照原來時間去機場CHECK IN, 大排長龍還不說, 每個櫃台都停擺, 剛開始以為是電腦當機, 後來才知道是轉機旅客的問題, 無法趕上要接的班機, 因為不知公司的安排工作人員只能停下工作等待, 後面無須轉機的旅客也只能等待.....難道不能開闢一個櫃台專門處理轉機的旅客嗎?? 再加上會吵的旅客插隊也能得到想要的回應, 讓守法的旅客只能苦等...這不該是老字號的國營航空公司該有的服務品質"
2018年,01月,4,再次搭華航前往日本；佩服台灣旅客塞行李的功力！特別是回程；可以見視台灣旅客在日本購買力！回程時辛苦的地勤人員還要檢視旅客隨身行李；苦口婆心的拜託改託運（機艙空間有限）幫忙打包，上了飛機…空服員幫忙塞行李！總之華航服務蠻貼心的！我喜歡搭乘華航…
2018年,01月,5,出發前帶著忐忑的心情登上飛機;因為小寶貝剛滿三歲擔心她無法應高空的壓力;飛行的不適而哭鬧，空姐很貼心的拿了小玩具安撫小寶貝;讓寶貝安心無憂的平安的降落目的地，開心的回日本省親~^_^~
