2020年,03月,4,"此為夜航班機機上餐有兩份一份主餐及一份早餐,機長及服務人員都很親切.因為是夜航所以大家都不會太吵因為都愛睡覺,抵達時機長降落平穩."
2020年,03月,4,之前也會選擇坐廉航，時間久了覺得其實價錢差不多。華航的班機時間對旅遊者來說，更富有彈性和機動性。畢竟大公司，比較安心。
2020年,02月,4,服務人員親切，空間略嫌狹小，飛機餐尚可。當天飛機準時出發，但比預定時間還提早抵達，連導遊都說第一次搭到華航飛這麼快的。
2020年,02月,4,因為飛航的時間是凌晨所以上飛機最需要的是休息，但是飛機機型明顯較小，所以空間 也不大，睡覺明顯覺得不是很舒服，只能說中規中矩，無法與阿聯酋相比。
2020年,01月,4,假期希望休息一下，去旅行又不想太趕急，因此選了高雄至北海道航班。每天一班來回，中午去晚上七時回。使用的是空中巴士A330，舒適。航班最好之處是去程和回程入境關口都不是高峰期，時間舒適好用。唯一缺點是新千歲機場櫃檯一定航班二小時才開放，使到在機場貴賓室時間變得可有可無。
2020年,01月,4,來回皆是最新的A350-900，機內空氣艙壓確實比一般飛機舒適。雖然只是經濟艙但新的薄型椅背坐起來不錯活動空間也還OK。機上影音觸控即反應速度皆不錯，唯獨機上耳機品質實在太差大扣分，回程時耳機正常去程同行三人就有兩人單邊無聲。台灣出發時餐點品質普普，回程由雅加達當地空廚提供的餐點味道就好很多。
2020年,01月,4,這次是家庭小旅行，華航通常是我出國搭乘的優先考量，讓我喜歡的是機上的影片或音樂的選擇很多，加上寬長舒適的座位空間，不會感到無聊。
2019年,12月,4,從韓國出發的飛機，【西方蛋奶素】餐點中炒蛋是有洋蔥的，不吃五辛的人需要注意，基本上座位還算寬敞，飲料直接放在桌上會很容易往下滑而翻倒，有帶小孩的需要多注意，體驗還算好
2019年,12月,4,搭過廉價航空再來搭非廉航，感覺真的是舒服很多，而且票價差別在非特價而言已相差不多，所以還是會選擇傳統航空。雖然餐點方面還有很大進步空間，希望越來越好！
2019年,12月,4,飛機餐好吃，服務態度OK，但整體感覺可以再更好一點，一些對談上的語氣仍決稍微不夠友善，跟台灣另一家大型航空公司相比著實有感落差，飛機椅面感覺可以稍微汰新 稍微舊一點點
2019年,12月,4,直飛洛杉磯，飛行時間約11小時。這次素食餐點很不錯(蛋奶素、東方素)，希望往後素食餐點變化可以更豐富。免稅商品很多可選擇!
2019年,12月,4,直飛安大略，飛行時間長達11小時。機上娛樂，餐點都很不錯。晚餐還有冰淇淋和白酒可以享用。波音777-300ER的座位寬敞舒適。很適合長途旅行。
2019年,12月,4,"服務都很到位,去程時一路上睡得很舒服,回程時因為時差關係睡不著,但空服員也一直送上飲品和食物,非常貼心，不過覺得飛機餐還是要加強一下"
2019年,12月,4,經濟艙的伸腿空間空間細，機上娛樂的電視較舊、顏色亦不太美艷。但空中服務員很友善，而機票的收費亦很合理。
2019年,12月,4,其實，這趟去香港，由於正值香港的不尋常狀態中，所以班機上的人特別少，但是空服人員的服務，仍然很到位，雖然非常熟悉華航的服務了，但是這麼多年來，覺得華航在專業和貼心上，讓人覺得品質很ㄧ致。我常常出國，要是能夠選擇，我多會以華航為優先，惟ㄧ比較可惜的，經濟艙的位子有點小....
2019年,12月,4,"感覺起來純粹是方便台南民眾的航線 , 所以小飛機就夠了 , 飛機不新 不大,但是空服人員熱情漂亮 航班也準點 整體來說飛行體驗是好的 ,"
2019年,12月,4,很久沒吃到好吃的飛機餐了，此次飛行，品嘗到正規的餐點包括沙拉、沙拉醬、餐包、奶油、主食盒飯、點心餅乾、茶、白開水、果汁、和紅酒，空中服務員還來回走動詢問有沒有人要品嘗紅、白酒，對比之前常坐的港台線和去中國內地的航班，僅供應簡單潛艇堡或點心+一盒小鋁箔包果汁或一小樽飲用水，覺得豪華多了，這航線供應且保留傳統的飛機餐，令我驚喜也很享受。飛機9:50起飛、就當是吃brunch，13:20到達大阪後都不需再另外吃午餐，能撐到傍晚再吃晚餐，回想起來當天只吃二餐哦！隔壁的乘客還點不吃牛肉的主餐，這是我比較沒聽過的特別餐。
2019年,11月,4,可能反送中關係，飛機臨時改小飛機，沒有電影可以看。整體來說服務還不錯，飛機漸漸老舊設備有些操作不靈光。
2019年,11月,4,空中服務員極具禮貌，態度友善，讓人心情愉悅。飛機餐飲也不錯吃，兼有主食，飲料種類充足。座位也蠻舒服，推推~
2019年,11月,4,"飛機的餐點還算不錯,不過機型應該是老的吧?坐在逃生門旁邊,位子雖然很大,腳完全可以伸直,但是...逃生門有夠小的,嚴重懷疑,胖子可以擠出去"
2019年,11月,4,"很熟悉的自家航空, 但飛機上的設備顯得老舊, 螢幕上的刮痕和遙控器上的汗垢, 讓人大打折扣. 另一條走道早就送完餐了, 我們這條走道卻是完全還沒開始發送, 不知出了甚麼問題."
2019年,11月,4,機艙清潔度看似乾淨，但整份機上免稅品/雜誌/影音娛樂的雜誌1/3都濕透；窗子似乎刮痕累累看不清外面風景。餐點尤其失望，華航餐點向來不錯，此回吃不下去，而且可樂只給杯裝，非其他航空公司給整罐(有差很多嗎?) 回程拿行李一團亂，無地勤人員出面維護安全與秩序(還是這是桃勤的職責?) 此次有些失望!
2019年,11月,4,一大早的班機，自然有點累，先吃了點東西再上飛機，原本登機門小姐說改在另一個，結果到了那裡卻說是在原來的地方，真的是有點奇怪。 上了飛機就睡覺，睡了一段時間才吃餐點，餐點比以前好吃，吃完繼續睡，個人身體發生了狀況，告知空服員，空服員貼心的詢問，還好自己又恢復了，感謝華航空服員。
2019年,11月,4,"很久沒有搭乘華航的班機,沒想到在這麼短的航程內提供的餐點頗佳,比起長榮沒有選項,這點倒是加了不少分數,空服員服務態度一般"
2019年,11月,4,"優質的航空公司,空服員親切有禮,機上餐點很有台灣味,美中不足的是,座椅上耳機裡,提供的音樂,選擇性略顯不足,耳機音效也有改善空間。"
2019年,10月,4,"台北福岡實實在在早去晚回, 對商務客來說太早了一點, 但是渡假旅客早上就到福岡, 可以馬上展開幾乎完整的第一天整天旅程很划算, 飛機上影片不算新, 但是反正到福岡才2個多小時也看不完, 餐點還可以."
2019年,10月,4,特意預訂中華航空的A350-900航班由香港飛往台北桃園機場，商務艙真的如網上評論一樣，有很高的性價比，服務殷勤，食物有水準，價錢相宜，物超所值。 另外由於我和家人的機票是分開購買，客服特意致電查詢孩子是否單獨坐，非常有心。
2019年,09月,4,早去晚回的飛機都有供餐，去程的餐點有點難吃，可以說是我搭過的飛機最不好吃的飛機餐，但是回程的餐點很棒，尤其對於回程的組員服務印象深刻，幾位泰籍的服務人員態度都非常好，而且常保微笑，尤其有一位叫如意的泰籍組員他的服務真的很好又很親切，真的好喜歡他喔！我會因為他再次搭乘中華航空，謝謝
2019年,09月,4,"華航倫敦航線，直飛約12小時。（直飛真的比較好）長榮號稱直飛，卻要在曼谷下機，總時間要16個小時。經濟艙位子尚稱舒適，食物不錯。蓋威特機場雖然離倫敦市區較遠（與希斯羅機場相比），但交通方便。去程上午9:00出發，到達倫敦機場當日下午4:30，再轉火車到市中心Kings cross Station,大約晚上7:00，回程是倫敦晚上9:00的飛機，白天還可以到博物館逛逛，下午4:00再從維多利亞車站搭火車到機場。"
2019年,09月,4,1，機艙座椅空間設計不佳。2，空服人員擺置餐桌巾及餐盤之細膩度不足。3，與乘客互動的感覺生硬。4，對法蘭克福機場的轉機作業不了解或不願分享（雖不是她的職責所在，但還是可幫忙問其他人）。
2019年,09月,4,原本搭乘的是A330飛機的經濟艙，後來華航更換為A350飛機執飛。我的座位很幸運的沒有被更動，查詢飛機座位圖時發現是豪華經濟艙的位置才有了這次的體驗。由於華航的A350飛機還是新機，機上的硬體配備都很新穎，座位也較寬大一些坐起來非常舒適。機上的空服員工作時或送餐飲時都始終保持著笑容在服務，印象最深的是空服員發現我的飲品快喝完時，主動的詢問是否還需要再來一瓶，而且很快地就將飲品送上。
2019年,09月,4,"可能是短程飛航,小飛機座位有點擠,但服務人員態度非常好,機上餐食也好吃,機上電影也好看,很喜歡華航,下次出國還是會選擇搭華航班機"
2019年,09月,4,"自從華航在幾年前, 於波音777-300ER, 推出全新的商務艙, 從照片上看起來, 真的很高檔, 設計也很符合華航的風格, 令人眼睛一亮. 在推出之後, 我幾乎每年都搭了幾次, 去 洛杉磯 跟 鈕約 以及 法蘭克福, 下個月又要去法蘭克福了.但是從第一次搭此飛機, 我就發現, 商務艙的設計不好, 電視螢幕下方的餐桌, 太過於往外凸出, 以至於全躺平後, 雙腳幾乎無法向上彎曲, 只能縮在很窄小的洞, 很不舒服, 躺超過2個小時後, 膝蓋想向上彎曲, 或是要伸展一下身體, 雙腳, 膝蓋都會碰到餐桌, 為了此事, 跟華航反應過幾次, 但是所得到的答覆都是一樣的, ""我們理解 以後會改進"", 我心裡知道華航短期無法改變. 我在想, 設計此座位的人, 應該沒有親自搭過超過14小時的過夜航班, 要不然就是他的身材不高.後來聽說, 華航有了全新的 A350, (不過後來也改飛 777了 ) 特地改搭此班機去荷蘭, 再轉機去歐洲的城市, 發現新的 A350 有做改善, 把餐桌往內縮了5公分, 但是搭過夜的航班, 還是很不舒服, 膝蓋一往上彎曲, 還是會碰到餐桌. 我的很多朋友, 都跟我有相同的想法.在此強烈建議, 往後商務艙的設計, 雙腳上方最好沒有任何障礙物, 類似 國泰, 新航, 甚至是 長榮的全新 787上的商務艙 的設計都很棒. 加油吧 ! 華航, 你們的機艙服務是最好的, 但是硬體,還是不行, 希望你們能夠追上 新航."
2019年,09月,4,班機時間安排佳，尤其是直航只需14小時，真的是輕鬆很多。機上餐點ok，空服員態度很親切。座位空間尚可，但椅子扶手有點鬆動。
2019年,09月,4,"位置空間還不錯。餐點也很可以。3-3機位。清潔度很不錯。對小朋友也還可以。出發的時間很準時。但是回程就碰上延遲, 約40分鐘。沒有個人娛樂設施。"
2019年,08月,4,"真的沒有讓人失望, 之前只坐過一次, 但還是會猶豫不決, 最後因為航班選擇比較多, 彈性大一點, 就再次選這航空公司, 服務算曷不賴, 餐點都是平穩之選, 期待11月再次乘搭!"
2019年,08月,4,舒適平穩，並且提供餐點供乘客享用，座位上亦提供薄毯避免乘客受寒，座位前方有休閒娛樂系統，其中的精選電影也相當新穎
2019年,08月,4,本來就蠻支持華航的，搭乘的經驗都還不錯，這次馬來西亞是第一次去，來回氣流不穩定狀況超頻繁的，737的機型感受特別晃，經常看到空服員走的很困難，自己也覺得好可怕 ，不過檳城真的很美~~
2019年,07月,4,"事前忘記幫家庭預定素食餐,但機組員想辦法幫我們解決,加上清潔與舒適度都不錯,因為長途飛行,座位的頭部可以摺起來讓在睡眠時可以稍微固定頭部,增加舒適感,空服員的服務態度都不錯,下次還是會選搭的!"
2019年,07月,4,這次的航班經驗大致上都很不錯，尤其回程坐的是A350，寬敞舒適，讓人希望印象深刻。負責免稅商品服務的空服人員因為國際航班而有睡眠的權益，這是很好的；因為這項權益而無法立即將購買的商品交到我們手上，這是可以理解的；最值得讚許的是另一位空服員向我們仔細說明情況，並帶來商務艙的小零嘴表達歉意，這充分體現了空服員間相互支持、對顧客細心體貼的精神。稍有缺憾處是飛機到達桃園機場還在滑行時，就有人起身從頭頂行李艙拿下行李。空服員雖然立即制止，並要求他們坐好繫上安全帶，但未堅持將他們的行李放回行李艙。乘客需要教育，空服人員應該有專業勇氣、更堅持一點。飛曼谷的航班延誤了一個多小時，我們差一點趕不上下一班飛機。假使能在知道航班延誤時就給我們提醒或協助，或許就更好了。
2019年,07月,4,果然是一分錢一分貨，前幾次出國為了省錢搭廉航，結果左右手不能動，怕撞到隔壁，腳也無法伸直，因為膝蓋一直撞到前面，導致腳麻站不起來，知道去年去北海道需要4個小時的行程，所以特地挑華航，還好明智的選擇，而且服務很好，但他們的餐點還有進步的空間，加油！！
2019年,07月,4,機型較舊一些，但算是寬廣舒適，座位前的螢幕不是很大，沒有使用所以不予評論。餐點不算是非常美味，大致上還可以。台北-沖繩的航線充滿老中青三代共同，或是小家庭帶孩子寶寶出遊的家庭，商務旅客非常非常少。很幸運這次搭乘沒有遇到哭鬧不停的孩子，班機出發的時間很好，算是飛沖繩不錯的選擇。
2019年,07月,4,因為對搭機有嚴重恐懼症.又是長途飛行.出發前很擔心.但A350-900豪華商務艙太令人驚豔了~空服人員的親切服務與機艙高品質的設施大大減輕了對飛行的恐懼感.13小時完全就是一種享受.舒適安心.吃到台灣口味的白稀飯早餐.簡直落淚......
2019年,07月,4,"地勤和空姐的服務態度都很好,水準一流,餐點好吃,因為是國籍航空語言能通,大為加分,機上娛樂也符合本國人需求,很滿意"
2019年,07月,4,"這次是選擇搭乘豪華經濟艙, 豪經艙的位置當然是比經濟艙來的寬一點 ,整個艙等的人數沒有很多，所以也比較安靜 ，華航空姊的服務品質還是有口碑的 ，一整個飛行途中 感覺服務很親切周到!"
2019年,07月,4,機上服務態度良好，但是缺乏主動性，例如以前多會提供兒童玩具或主動提供飲料，現在除供餐外，幾乎不提供任何服務了，確實是一個老化的企業文化，應該要有ㄧ些創新的服務元素加入，經營團隊要注入新血，徹底翻修企業服務精神。
2019年,07月,4,無錫機場不錯??這個時段只剩我們這班等飛機 完全不擁擠。雖然誤點兩個小時（但廣播一直不說誤點多久）如果沒有很餓可以先不用去餐廳吃飯（牛肉麵套餐館人民幣88）地勤會發放雙主菜便當/水果（黃桃或是香蕉）/飲料（汽水或是礦泉水），然後有飲水機還有附紙杯可裝水、然後有WIFI 還有充電插頭！在這個機場誤點消耗時間還可以。最後登機門的時候因為只有一個櫃檯一線處理緩慢，後面竟然也開放另一個登機口，兩個登機口同時作業很神奇。
2019年,07月,4,華航的空姐服務沒像長榮那麼標準化，所以好壞往往碰運氣。不過大致上都不差。座位看機型，不過一般來說偏窄，座位前後距離比長榮好一點。餐飲方面，很隨機，但最近幾次來說都不錯。要不是對過去華航的飛安實在很沒信心，我會推薦這家航空公司。
2019年,07月,4,這次因為中華航空的機票相對比較國泰和長榮平宜，所以選乘中華，是細機，3和3的 座位，但座椅坐得很舒適比較大。但無戲看，食物（素）很好，只遞上咖啡或茶，如果要汽水，酒之類飲品便要自己請空中服務員服務一下。員工很禮貌，友善，特別是兩位男的，很細心，一看到乘客讀書便主動幫忙開燈。
2019年,07月,4,"空中服務人員很好, 餐飲也不錯, 起飛降落也很平穩, 對這家航空公司改觀不少, 而且香港飛往台灣不同機場的航班也有很多選擇, check in也很快, 已經訂了下次去台北的機票!"
2019年,06月,4,香港起台南， 訂機票時候顯示是中華航空， 並沒有資訊顯示是由華信航空飛機來執飛， 所以由舊型號的機來服務， 其實細機及舊機都沒所謂， 但就是沒有獨立座位顯示屏， 所以沒有娛樂提供有點悶， 但座位很?， 座得舒適， 整個飛行穩定， 航班也沒有座滿。
2019年,06月,4,當天半夜飛往舊金山的人數很多，所以空間很壅擠，不過華航的服務人員態度跟服務都很好，雖然餐點方面沒有到非常好吃，但就飛機餐而言，表現是中規中矩
2019年,06月,4,飛機不算很新 但很乾淨 機組人員都非常好 餐點口味不錯 登機時間雖有延誤 但很快就排除了 飛行時間也很準時 順利抵達 行李安排上調整也很快速 讓我們快速找到行李盤
2019年,06月,4,應該是早班機，飛機餐非常的難吃，連麵包都是冷的，但是空服人員都滿臉笑容，地勤人員也耐心幫忙預辦登機服務，就是飛機餐需要加強。
2019年,05月,4,標準經濟艙座位，感覺是舊的機型，沒有USB充電裝置，機上又不能使用行動電源，在飛機上把手機電用得差不多了，下飛機就沒電了。
2019年,05月,4,海口的國際線機場規模比國內線小，也簡陋許多，不過機場貴賓室，比貴州機場的貴賓室好多了，不過，小小的貴賓是用了3-4個工作人員。雖然是商務艙，但機型是737-800，單走道飛機，飛機餐就普普了！
2019年,05月,4,飛機的內裝相當老舊，視聽設備的螢幕都快比手機螢幕還小，看得出有相當的年紀了，座位寬度還好，但前後的椅距很窄，還好航班短，若是長途航班我絕對不會考慮這樣的班機。一路起飛至降落都很平穩，一掃我對華航駕駛飛機的刻板印象，空姐服務的也很親切勤快，值得鼓勵。
2019年,04月,4,"中華航空歷經罷工後服務品質並未降低,只是飛機娛樂設施有點老舊螢幕太小觸控不佳有待改進,回程飛機餐飯太軟團結在一起,其餘尚屬滿意"
2019年,04月,4,台灣航空公司服務一員一向是很體貼，具有耐心；即使在經濟艙服務也不打折，坐在我隔壁的乘客在已起飛時，要求看某一報紙，服務人員一時找不到，但每次經過時，都特別提醒：等一等，終於在最後找到了。很佩服在如此繁忙的時段，也滿足每一位客戶的需求。
2019年,04月,4,選擇福岡進、宮崎出，來回班機時間都很好，餐點、服務也是一如往常的水準，日本二線城市航點是華航的一大優勢，比廉航方便得多，價位也具競爭力。
2019年,04月,4,推薦此航班，除了直飛外，餐點、座位空間和整潔都很棒。但如在下列幾點改善會更佳，我們起飛48小時前仍無法改餐，飛機座位無法使用USB，向空服員反應仍未獲得改善。
2019年,04月,4,一直以來搭china airline都有不錯的體驗，只是有時候機場check-in的服務不是很好，個案遇到的男生都很好，但女生臉都很臭又表達不清。這次第一次體驗小飛機，要另外走登機樓梯哈哈，雖然飛機空間狹小，但空服人員都非常親切友善，很多都是比較資深的crew，感覺比較和藹、平易近人。
2019年,04月,4,專業的空中服務人員，空中餐飲也在一定水準以上，飲料選擇性多，加上新的過夜包，值得讚美。但是有不完美的一點，以往提供12小時以上的免費空中WIFI，此回只有3 小時，3小時也罷，業務單位卻未接露完整的資訊。
2019年,04月,4,我們共有9臺單車隨行，結果有一臺單車未到，等了45分鍾才弄清楚，但是行李部人員很客氣。主管用國語溝通，有補償。第二天單車送到旅館，打開後發現損壞，聽說是請友航協助運送的。回到台灣又弄了30分鐘，才完成調查文件。記得上機7天內要向華航網上申請行李損失。旅遊險是不保單車的。
2019年,03月,4,機上餐點正常水準，空姐一樣很親切，唯獨不滿意的為機上的硬體設備，每個座位都有usb充電座唯獨我的座位無法充電，另外耳機也非一開始就放在座位前袋而是等起飛後一陣子才發放。
2019年,03月,4,華航每天都有台北經布里斯班往奧克蘭的CI53班機，23:45出發，8小時到布里斯班，過境檢查約兩小時後再坐三個多小時到奧克蘭。優點是不用換機、座位，缺點則是因台、澳兩種時差，抵達時已經晚上七、八點了，好累！這回搭乘較以前很多次的經驗好。新飛機經濟艙也是座位寬敞舒適，螢幕寬大方便觀看，洗手間乾淨音樂輕柔，影音娛樂選擇多，餐點也比以前進步。尤其空服人員親切有禮、熱心體貼，是一次愉快的旅程。
2019年,03月,4,直航來回台灣(桃園機場)-三亞鳳凰機場非常方便，2.5小時抵達目的地。飛航狀況穩定，只是餐飲準備動作和說話聲音大，影響乘客休息，導致服務品質感覺差一點。但整體來說大致上滿意的，所以還是會推薦。
2019年,03月,4,因為我訂的是早鳥票，半年多前就買票了(兩萬兩千多-來回票)，但因航空公司在去年某月更改飛行時間，造成我們行程有落差到半天以上，所以我們請旅行社幫我們跟航空公司連絡(改機票)，旅行社也幫我們爭取免費更改機票的權益。所以我們提早一天出發了(1/27)也提早一天回家(2/7)剛好在華航罷工前一天。因為罷工的關係，所以我們回程的班機幾乎滿機(座位全滿)!因為罷工造成許多旅客的不便，所以我也不知道我是否該推薦此航空公司...但就我們劃的位置來說:我覺得因為我和媽媽的身高不高，飛行的全程腳能伸直，是件好事，加上我們改機票時，旅行社幫我們爭取不加手續費，所以如果路線上有需要，我應該下次還會搭它。
2019年,03月,4,機艙稍微舊了點，不過看到看到空姐還是有種熟悉感，去釜山時段最好的就只能選CI了，期待中華能夠換新一點的飛機，雖然只有兩個小時
2019年,02月,4,"雖然坐的是經濟艙等, 但是空服員有詢問是否需要拖鞋! 另外餐點的部分, 都有兩種口味可以讓你選擇. 餐與餐之間也會詢問你要不要喝水以及發送零食. 整體而言很滿意"
2019年,02月,4,去程很怕罷工影響航班 所幸很順利 的搭成CI110班機出發 準時抵達型行程順利，回程延了半小時間才登機。抵達台灣時間就更晚了，但整體感覺很好，回程餐點好吃
2019年,02月,4,我帶82歲媽媽由香港去台南旅行，出發前42小時前致電他們安排輪椅。他們得知有老人家，主動安排第二行給老人家。
2019年,02月,4,由於在越南工作，一年至少會有六次來回台灣及越南的機會，每次都選擇華航的原因除了服務覺得不錯之外，空服務的態度一直都是較好的。另外餐點也都有在進步。也許我個人比較不挑的關係吧！但每家航空公司各有優缺點啦！
2019年,02月,4,當時正是發生機師罷工的時候，但班機沒有被取消或延誤，仍然得以準時的抵達。空服人員都很親切，由於是用舊的A330機型因此經濟艙的影視螢幕稍為小一點。空服人員外語能力都相當不錯。
2019年,02月,4,如果金費夠的話，建議華航還是應該要更換一些設備。短程的飛機常常都安排不是很好的硬體設備。有點可惜了中華航空的大名。
2019年,02月,4,去程搭CI0721座位比較小，回程搭的CI0722相較之下座位比較大舒適很多，設備也比較新，餐點有兩種選擇，飲料選擇很多，有機會還會搭乘！
2019年,02月,4,豪經艙空間雖然較大，但設計為下滑的座椅，會使腳版卡住踏板。飛機餐點最最需要加強口味，主餐味道和搭配都不佳Bad food
2019年,02月,4,這次從上海浦東回高雄搭乘的是A330，採2-4-2的排列方式，搭到此班機是，座椅非常舒適，伸腿空間也夠，飛機餐比去程好吃，空服員也很親切
2019年,02月,4,中華航空從臺灣出發到各地都有航線，這次基於是省錢旅行，所以選擇中華航空到上海浦東，這次搭乘到B777，雖然沒有機上個人娛樂系統，但是有大螢幕，可以看電影，飛機餐也很好吃!
2019年,01月,4,"中華航空對於台灣人來說是非常熟悉且方便的航空公司,航線航點班次都比較多,票價也還算合理,所以是我出國的首選航空公司."
2019年,01月,4,以長途飛行而言.經濟客艙座椅的空間算是舒適的.機上的娛樂節目也很多樣&豐富.機上的餐食也有一定的水準.物超所值.
2019年,01月,4,一向都挺喜歡坐華航的飛機去台灣，不管是香港或是台灣的地勤都很有禮貌。這次來回都特別訂了水果餐，驚喜地發現水果都好新鮮，很甜，很有水果味，蘋果還特意泡了一下鹽水保持新鮮爽口。美中不足的是我座位的娛樂系統不停地當機，都不能用，不過飛程很短就算了。還有回到香港的行李，出來的真的特別慢，我等了近一小時，CX比我晚到的班機行李都出來了，才等到我的行李。這兩點希望華航可以改進一下。
2019年,01月,4,這次搭乘台北直飛倫敦蓋威克機場的航班，並且幸運的搭到了最新的A350。這是我大約十年來再度搭乘華航的班機，很高興地看到華航各個方面極佳的服務。從check-in時笑臉迎人的地勤人員，到有求必應的空服員。還有A350經濟艙令人驚豔的腿部空間，身高165cm的我竟然可以輕鬆翹腳！機上娛樂系統操作順暢，畫質清晰且螢幕大，電影都算新的，令這14hr的飛行不至於難過！
2019年,01月,4,這班從新加坡飛往台北的班機一樣維持了非常好的服務，服務員總是很親切且協助你所有事情。這次坐在我前面的先生有告知空服員在他去程時(不是這個航班)下機後遺失了一個物品，空服員便很積極的協助他詢問、在下機時也告知後續如何幫他找尋的流程。華航讓我比較不滿意的是餐飲，或許是我太常吃，總覺得口味都很接近。
2019年,01月,4,check in櫃檯服務態度佳、效率高，機場貴賓室相當舒適、食物選擇多樣好吃，機上空服人員熱情專業，飛機起降時間準時，華航品質總是不會讓人失望。
2019年,01月,4,從香港往返雅加達多次，都是乘坐華航的航空。七八個小時的飛行其實不輕鬆，還好空乘人員服務很好，讓旅途多一點愉悅。上飛機後會有人送飲用水，各種熱飲冷飲，小食，正餐，餐飲中規中矩，不驚艷，但是也不至於令人失望。提供的毯子略薄。機上娛樂一般。
2019年,01月,4,華航經濟艙座椅真的比長榮新版的豪華經濟艙來得舒服（再次確認無誤）可惜登機不是使用空橋，是要擠接駁車在機場裡面兜風後才上飛機
2019年,01月,4,空間不算小，比經濟艙多了更多的足部空間休息。而且也有靠腳墊升起，可以讓孩子更舒服的更接近躺臥的方式休息。硬體設備覺得比另外一間航空的豪華經濟艙還要好，所以真的蠻推薦此班的豪華經濟艙。只是餐點普通，不過我們畢竟不是在商務或是頭等艙，所以並不認為這是什麼太大的缺失。機上服務人員服務非常值得讚賞，謝謝他們很有耐心的幫忙處理孩子們遇到的問題。
2018年,12月,4,新加坡回程前一天巧遇當地大雷雨~ 當天早上班機雖有誤點2.3個小時~ 但還是有後續處理回程的航班+補償餐券 算是有誠意的航空公司~~
2018年,12月,4,"短程旅途,雖沒有機上影音可以欣賞,不過有提供餐點,也準點到達目的地,飛行過程中平穩也無讓人不舒服的吵雜聲,是一趟愉快的飛航經驗"
2018年,12月,4,已經很多年沒有搭華航，對它的經驗不好，起飛降落很莽撞。這次再次定位，大幅改觀，最在意的起飛降落都很平穩，座位舒適，連觸控螢幕都是新的。很喜歡這次的搭乘經驗
2018年,12月,4,第一次搭到華航的誤點班機，這次飛曼谷是晚上約9:30起飛，雖然到登機口有通知誤點，但是前一個小時完全都不說明大概要等多久，前後等了快2個小時，只能ㄧ直耗在登機口，超級無奈
2018年,12月,4,一般飛往曼谷的廉航時間都不好，華航的班次多，可依照預算選擇最佳航班組合，包含30公斤行李和不差的餐點，提前訂位還有機會選擇到經濟倉超值價，十分划算。
2018年,12月,4,今年有幾次搭乘華航出國，經驗都挺好的，但沒特別驚豔，維持水平，空姐感覺上比以前兇了一點點，哈哈，大概客人越來越難搞了。
2018年,12月,4,搭乘早去晚回的航班，其實滿消耗體力的。但好險航程短，航班也很準時。唯一痛苦的就是這兩個機場的滑行時間都非～常久！空服人員都十分親切、專業！在短時間航程中，提供迅速適切的服務。
2018年,11月,4,每次飛峇里島的不二選擇。除了班機時間很漂亮、最主要是空服員親切有禮貌，經常對顧客很有耐心。座位乾淨舒適、免稅商品也很齊全。
2018年,11月,4,中華航空主打以客為尊，幾次出遊都是搭乘華航，整體的感覺都很好，有時或許是機型的關係，空間上有些侷限，這次是坐737-800型的就顯的有點擁擠，服務人員都很好也很辛苦尤其是飛行時間較短的航班，很推薦大家搭乘中華航空出遊。
2018年,11月,4,是長途旅行的華人很棒的交通工具，空中小姐很忙但是蠻親切又有耐性。語言溝通上毫無障礙；感覺最棒的是餐飲，完全符合胎灣人的習慣。
2018年,11月,4,第三次搭乘中華航空的A350豪華經濟艙，真的很推薦給長途旅行的遊客，有比較大的空間，座椅相對舒適，讓十幾個小時的航程不會太難受。而且法蘭克福到其他歐陸城市的轉機航班非常多，很方便。
2018年,11月,4,從訂位到啟航，除了網路的即時提醒外，這班航班的人員我覺得滿意。以前也有搭過華航，但有一次感覺不是很好，那次的服務人員讓人很高姿態，這次航班的人員對旅客的感覺服務有到位，有禮貌。餐點方面平平，飛機餐怎麼吃其實都一樣。影片的選則很多樣，去程與回程剛好各看了自己想看的電影，開心。
2018年,11月,4,"有過商務艙和經濟艙的經驗, 這是第一次搭豪華經濟艙,意外不錯的體驗 有提供盥洗包和拖鞋, 雖然台式排骨飯不怎麼好吃, 不過酸菜很下飯, 還有哈根達斯冰淇淋 服務也相當好"
2018年,11月,4,"座艙的空中小姐服務態度非常好, 很多小動作都看得出是主動關心而不是照章行事 而且雖然這樣說有點失禮, 都相當漂亮 座位寬度已經很足夠, 不過螢幕感應有點差,讀書燈照明的位置調整後也有點不符要照明的書本 早餐的肉燥米粉的肉燥不好吃, 不推薦, 但是麵包很好吃, 水果還附草莓! 最近比較少搭華航, 但這次的感受相當不錯"
2018年,11月,4,服務都很好，也非常準時。只是飛機機型較舊，椅背上的螢幕觸控反應很差，全程都感受得到後方乘客狂點螢幕。
2018年,11月,4,"搭乘中華航空,空服員親切的笑容與服務,讓旅程暖心不少,機上餐點搭配得恰到好處,影音設備也很新穎,完全不會有旅途無聊的問題"
2018年,10月,4,每年的二月10-14日前後，在德國的科隆市定期舉辦一個叫 DOMOTECHNICA 的世界性展覽，這是一個非常重要的展覽，同時也是一個最佳時機與參展的廠商見面會談的機會。幾乎每年筆者都會前往，很少缺席，而搭乘華航夜航機由台北經曼谷飛往荷蘭，的確是最佳的選擇，除了可以在機上得到充份的休息，過境與等待時間也是最短的。華航是我常搭的班機，一般言之，機上服務與餐飲品質，均有一定的水準，不輸其他有名的航空公司，而外籍資深機師的加入，也更新了航空界的看法，飛航相當有保障。此次航班讓我最驚訝的是，飛航途中，筆者一直埋首工作，無暇顧及機上餐飲，而該航班空服員適時遞上一杯香茗，著實讓筆者相當開心，非常順利的完成未完成的工作。而更令人驚訝的是，空服員稍後捧來一碗現煮的牛肉麵，一碟辣椒，味道完全不輸台北西門町的桃源街牛肉麵，及水果，香茗，希望筆者吃完後好好休息，真的是非常溫馨，若搭乘其他航空，錯過供餐時間，大概只能空肚撐到下一餐再說，當日班機準點抵達荷蘭SCHIPHOL 機場通關後，在機場地下樓層順利轉搭火車前往德國科隆市。搭乘華航班機前往歐洲，溫馨愉快，是非常不錯的選擇。
2018年,10月,4,"長期以來,往來兩岸都是優先選擇中華及長榮航空,不僅服務良好,班機準點,餐點及機上設備設施都有一定水準,以短程航班來說,我會持續選擇這家航空"
2018年,10月,4,這次是由台北飛往釜山.機票早在7個月前就預訂了.價格非常棒的.班機整潔度不錯.餐點更美味.服務人員很親切..只是這次可能是有團體包機.小孩子的聲音比較吵一點
2018年,10月,4,帶一歲多的幼兒無特別指明但有被安排在座位第一排.來回都是如此因此多了一些空間.跟團.之前坐別家無嬰兒餐.但華航有.是知名品牌果泥.也有附拋棄式圍兜兜跟試用包尿布覺得很貼心
2018年,10月,4,台灣飛曼谷，飛機設施較新，面板也較大，舒爽度比曼谷飛回台灣舊型飛機好， 但飛機餐（曼谷飛回台灣）不錯吃
2018年,10月,4,商務艙餐點有十足進步，這幾次搭乘華航，空服員都很友善，對小孩也是，笑容也常掛在臉上，讓人感覺十分窩心。
2018年,10月,4,訂的雖然是日本航空航班.但實際搭乘的卻是中華航空.地勤人員還真的不錯.寄送行李時因為沒把伴手禮交寄出去.而伴手禮卻不能一起直接攜帶上機.一陣慌亂之際.還好華航地勤人員適時伸出援手.不僅提供裝物的袋子還幫忙打包.真的很貼心.
2018年,09月,4,"櫃台的服務人員很親切,協助我們拖運行李,並建議我們能拖運的都拖運,因為我們一個人有30公斤的扣大,怕摔壞的伴手禮還細心的幫我們全都貼上易碎品,真的揪感心ㄟ~"
2018年,09月,4,新彩繪機，很興奮、挺漂亮，但 起飛時後排聞到濃厚的汽油味，大家面面相覷，不確定什麼狀況， 是否安全？沒人反應過嗎？ 還未起飛一間廁所的洗手檯水龍頭就壞了，後來後面一間的門鎖就脫落了?? 新飛機隔音好像很差，中段座位飛行途中引擎很大聲， 感覺細節部份做得不好，修護人員一定很傷腦筋。
2018年,09月,4,我覺得華航也是不錯的航空公司，雖然我常常上網選位子，但常常換班機，所以我的位子常常選了，最後都不是我當初選的位子，但還是有把我跟家人排在一起就是了，這點還算可以。再來~~當然就是電視啦，有電視的飛機直接加分~!這是一個很好消磨時間的工具，看個幾部電影，就差不多到目的地了，雖然本人很常看到睡著，但能夠睡著也就證明，椅子其實挺舒適的嘛!歡迎個位來搭搭看~~再補充一下，我覺得餐點好吃!看個人啦~我真的覺得優。
2018年,09月,4,"荷蘭阿姆斯特丹史基浦机場是一個非常繁忙的機場,每天有20萬人進出轉機,在登機門前還有機務人員先幫你畫票,但登機前還是要再掃條碼登機, 感覺是多餘但想想也許是確認你有否跑錯登機門避免延誤其他班機,而飛行途中因長途關係有人睡覺有人看影片,服務人員會不時提供水及小點心,這點非常貼心"
2018年,09月,4,"長途飛行最怕坐久不舒服,鞋子脫了又不雅觀及方便,但華航起飛不久就發給盥洗包,內有脫鞋,讓整段飛行都能讓腳ㄚ子舒舒服服,值得讚賞"
2018年,09月,4,好幾年沒有搭程花航了，服務態度還ok，豪經艙椅距對160公分的我而言已經很足夠，娛樂設備是觸控面板，感應功能蠻靈敏，電影種類多，但是餐點真的讓人更加害怕，看來以後真的不用太期待了
2018年,09月,4,"機上娛樂設備仍使用傳統按鍵式控制器，且須搭配專屬耳機插孔，在現今主流提供觸控螢幕的航空公司來說，是稍嫌不足，但整體來說服務及餐點都仍讓人滿意，雖然空服員的贆情跟語氣略帶點冰冷，但考量台灣跟北京之間約2.5小時的里程，空服員準備餐點就已經焦頭爛耳了，我想這也難怪一登機，便可見牆上鏡子旁的標語 - ""Speak Softly, Work Gently"""
2018年,09月,4,坐位正常，不會到太小，娛樂裝置正常，還可以在更新一下會更好，餐點內容也算正常，還不錯吃，空姐服務都還不錯，還算滿意
2018年,09月,4,"可能是舊機型的緣故, 個人娛樂系統螢幕很小, 座椅稍稍後傾就看不太清楚了, 操控手把的標誌已經磨損看不清楚, 系統對按鍵的反應也很慢.但是餐點很好,尤其是沙拉的生菜非常美味. 空服人員的態度及對應也非常好. 有機會應該會再搭乘."
2018年,09月,4,班機沒有提供個人螢幕，只能有公用螢幕，前往富山，卻播放台灣娛樂節目，似乎順序顛倒了，建議播放介紹北陸的影片，比較實用
2018年,09月,4,"高雄機場的華航貴賓室整修中,不過華航有提供餐卷使用,高雄出發的飛機都是中小型的,設備還是沒有桃園飛的好,不過沒有誤點.整體來說服務還可以."
2018年,09月,4,空間比經濟艙大很多 很舒適，餐點是和經濟艙一樣的，飛機上的個人視聽螢幕很大，飛機上很多近期新片可以觀賞，整體來說非常棒！
2018年,09月,4,這次居然買到747的upper deck，實在太棒了，腿伸直都碰不到前面的椅子，座位旁邊還有放東西的地方，電影選擇少了一點，但因時間短，所以也無所謂，只是座椅的扶手上有用過的牙籤，不過經過反映，馬上來清理，食物普通，有機會還要買這種座位。
2018年,09月,4,從香港出發到阿姆斯特丹的機場大概用上16小時， A350舒適有私隱的感覺設計， 完全可以平躺，只是如可以闊落一點會更好， 中華航空的服務人員品質很好， 又親切態度， 飛機餐還可以一定可以吃飽， 味道算是可以， 過夜包很貼心品質也很好， 但過夜包的外觀很普通，香港到台北轉機當晚時間較趕，在台北桃園機場指不太清楚， 也沒甚麼服務員提供指示； 阿姆斯特丹回程台北時候延誤了一小時起飛，服務員很快便派上小吃及飲料， 整體都滿意。
2018年,09月,4,對於我們台灣要飛歐洲直飛的選擇並不多 不過華航是台灣唯一直飛的航空公司 相較於轉機的確可省下不少時間 這次跟老婆蜜月旅行雖然搭經濟艙 但幸運選到最前排的位子 腿部空間當然是超大 不過機上空姐的態度有待加強 希望臉上能多點笑容
2018年,08月,4,這次從台北飛三亞是華航的B737-800飛機算是舊型，座椅沒有AVOD個人娛樂系統，位子空間也比較小！但是空服組員服務非常的貼心也很棒，餐也不錯吃，紅燒獅子頭喔！希望華航下一代窄體客機的座椅可以裝AVOD！
2018年,08月,4,這次出國好像剛好是沖繩旅遊的旺季，聽說位置都滿了，我們團員中有幾位是被安排在出口座位，櫃台托運行李時服務人員都面帶微笑非常細心核對資料，也一一確認我們的身體健康狀況，登機後空服員也親切耐心的再跟我們解釋一些細節，每個環節都不馬虎，是讓人覺得安心並值得信賴的團隊。
2018年,08月,4,無論是地勤和空姐們，服務都很不錯，餐點還不賴、座位舒服、飛行鰻平穩的，看了一部電影，非常謝謝服務人員們，辛苦了!
2018年,08月,4,整體的感覺很好，飛機餐也越來越進步，服務人員的態度相當好，雖然不是大飛機，但是起降平穩，足見機師訓練有素，服務和安全是旅行中最重要的兩件事，華航有做到。
2018年,08月,4,"服務人員親切, 餐點吃起來比較不像是便當加熱過的感覺. 經濟艙座位較小, 前後距離較短, 對高個子的人會辛苦些. 整體在80分以上."
2018年,08月,4,空服人員的訓練有素，讓人可以很快適應，飛行座位略嫌壅擠，餐點尚可但紅酒不錯，而且我牙齒疼痛，服務人員還特別拿來一帶冰塊讓我冰敷，緩解大部分疼痛。
2018年,08月,4,今年我去沖繩，搭個是A330，雖然機齡只有6至7年，但是機上的AVOD解析度度有夠差，而且配上早上刺眼的陽光，完全看不清楚。除此之外，機上餐只有一個雞捲，難吃死了，但比國泰的好吃一點。
2018年,08月,4,"餐點好吃, 按服務鈴也很快會有空服員過來詢問. 不過親切度不是每位空姐都很好, 回程剛好遇到前排是空姐認識的人, 坐了13小時左右的飛機, 就看到前排一直不斷被空姐關照, 食物禮物不停的送."
2018年,07月,4,機上餐點，電影，水準之上，空服員服務態度也很好，這條航線每年必坐一次，時間多選擇多，飛的算平穩舒適，評價不錯
2018年,07月,4,"1.短程來說,搭過港龍,僅提供大亨堡或者類似Subway的簡餐,但華航能夠提供完整的餐點,這點是給予肯定的。2.服務人員親切/熱心"
2018年,07月,4,意外的發現有些班次，華航提供買經濟艙，坐商務艙的優惠，當然，餐食沒有優待，還是經濟艙的等級，check in和行李重量也是經濟艙等，不過飛北京三小時能坐寬敞的二樓商務艙，非常划得來。我猜是華航利用比較老的波音747-400機型，反正機型舊，搭商務艙的人不多，乾脆福利一下吧。回程竟然也搶到二樓商務艙，很幸運。
2018年,07月,4,以前坐華航起飛、降落都很不舒服，這一次反而很不錯，地勤的表現也很好很親切，但這一次的餐點不太好吃，雞腿排飯的肉真的很硬不入味，醬汁太鹹不好吃，另外，吃飯時間真的超級趕、又沒有飲料有點可惜，但華航有進步了
2018年,07月,4,從櫃檯到機位坐定 都有賓至如歸的感覺 洛杉磯機場的SKY TEAM貴賓室也增加了一些東方食品 符合使用貴賓種族比例原則，機上餐飲可口 半夜餓了也有多種小點可選擇 不是只有泡麵而已 機上娛樂電影也豐富了許多 讓你在機上十幾個小時 不會無聊 值得鼓勵
2018年,07月,4,飛機的商務艙位置舒適～飛機新穎～華航在吉隆坡的貴賓室小巧，位置並沒有很多～熱食選擇雖不多但是口味尚可～進入吉隆坡貴賓室的當日發現女廁無法使用...至少待了幾小時的時間～禁止使用的牌子都沒拿開過，不知道是清潔還是損壞...
2018年,07月,4,因為此航線搭乘人數不及台北飛往其他大都市，班級是左右各三位的小飛機，且沒有個人螢幕等設備。但因為時間約2~3鐘頭，倒不影響旅遊興致。但是訂機票時選的位子跟後來左右各三的位子有異，訂完機票記得注意一下!
2018年,06月,4,飛航日本的班機，可能是還要轉飛其他地區，都比較新比較大，比較舒適，每個座位都有影音設備，餐也比較好吃
2018年,06月,4,家在台北市區，要到上海浦西出差，走松山搭華航是非常方便的選擇ˊ。到機場很快速，出境的人不多通關很快，到達虹橋之後入關的也不多，之後搭地鐵就可以到達目的地，整趟行程時間大大縮短，這就是最大的方便了!
2018年,06月,4,華航原定的機型為A330，後來更換成A359，新機果然舒適，比起國泰的A359，華航設計的元素，更是令人讚賞，商務艙的和風餐點是委託大倉製作的，果然水準之上。如果華航每架飛機都是這樣的等級，幹掉卡達與阿聯酋指日可待。
2018年,06月,4,香港到高雄的航班不多，這次挑了比較平宜的中華航空，飛行時間只有一個小時左右，所以也不用太講究。之前中華航空把飛機餐改為吃麵包而已，我已經有一段時間沒有搭了，不過現在已經恢復正常餐食服務，所以這個價格來說是可以接受，所以再次選搭。不知道是否因為是在旅遊公司買的機票關係，不能在給我預選坐位，需然也是靠窗的位置，但是卻是第一排，在機門旁的位置，因為同行的是比較年長的家人，坐在機門旁還要有一些重要的事項要注意，例如是逃生是在這個位置必須要做的事情，覺得對於年長的客人來說是有點難，航空公司應該有空間的去調配才對。
2018年,06月,4,因為飛機遲到，延誤了半小時。今次是第三次乘搭中華航空了，和以往一樣，服務還不錯，主要是班次多，可以遷就不同的旅客，會繼續乘搭。
2018年,06月,4,"個人還蠻常選中華航空這間公司, 但還是會以價錢為優先考量, 這次飛浦東餐點也是還可以, 機上的影音也是我期待的.空姐也是很親切, 位子上來說算舒適, 因為本人也不高所以這沒什麼問題."
2018年,06月,4,出發去韓國旅行可以選擇去程松山飛金浦 回程仁川飛桃園，下飛機就不會因為交通而太晚進入市區 而回程還可以在仁川機場逛一逛!華航提供的30kg 行李不管商務旅行或是個人旅行 都不會超過
2018年,06月,4,飛機環境舒適，無奇怪異味，乾淨程度亦讓人覺得更加分。每次搭乘幾乎都準時起飛。這點對比其他傳統航空是很不錯的。機上服務人員水準平均也相當有氣質；平均一年約四次搭乘下來，覺得資深服務人員普遍個性鮮明，建議可再調整會更棒的。
2018年,06月,4,也許是習慣了，每每在買機票的時後都會先告訴旅行社『幫我看一下華航是否有班機』這一句話，當然至少舒適度及服務是足夠的。
2018年,06月,4,華航班機CI501上午08:50起飛的飛機，是非常適宜的搭機時間，剛好於起床後可舒服的前往搭機，波音777的飛機體是343的座位寬敞，相對的讓人沒有壓迫感值得推薦。
2018年,06月,4,這次去奧克蘭選擇了中華航空直飛的班機，會先在澳洲的布里斯班過境休息，還是必須先出來，在重新登機，像是原機的技術性直飛，讓澳洲旅客可以上下，可能是台灣的旅客還不夠多的關係！
2018年,06月,4,"之前1月也是搭華航到東京成田, 很幸運坐到後面是沒位置的, 有位資深女空服員服務態度超讚的,印象很深刻, 可惜沒看到她名牌名字,親切的提醒客人多喝水, 很幸運難得遇到這麼優雅親和力高的空服員, 反而台灣人水準越來越低,大聲聽歌,大聲打電動,大聲剔牙,上面放東西掉下來打到人也不道歉=_=5月到札幌這班,服務的男女空服員服務也很不錯"
2018年,06月,4,"有幸進入桃園機場第一航廈的華航貴賓室體驗, 食物好吃、座位足夠，一上飛機座位上就擺放小枕頭和毯子, 感到機組的體貼, 且飛機上的餐點也不錯，唯一可惜的是視聽娛樂系統較老舊, 螢幕小、畫質較差且操控不靈敏"
2018年,06月,4,長榮航空是我很喜歡的航空公司，此次全家5人，有機會以較優惠的機酒行程坐華航到越南河內遊。華航這幾年積極的轉型改變，除了獲利外，也不斷汰舊換新飛機，可惜此次還是坐A300的空中Bus。進入機艙接近客滿，空服人員有條不紊安排旅客就座，我也坐在走道位。餐點是華航的特色，我點了牛肉飯，有餐廳水準相當好吃。
2018年,06月,4,"雖然是短短兩小時的飛行時間，這新改版的艙內隔板採用木紋相當有質感，我身高183, 經濟艙座位空間算是足夠，最讓人讚賞的是個人清晰大螢幕讓觀影品質大大提高，餐點中規中矩"
2018年,05月,4,一直都是國泰的飛行常客，這次帶著渡假的心情與友人一起搭華航，雖說是經濟艙時間也很快就到目的地，華航的服務還是沒話說，一開始check in櫃檯人員的親切引導，飛機上座艙長與空服員的細心與耐心，都讓這個愉快的渡假有個好的開始，謝謝你們！
2018年,05月,4,"是一趟時間不算短的直飛航班,可以在抵達目的地前,好好的休息與閱讀當地的導覽文件,機上餐點也能適切地準點提供,冷熱飲的需求都能隨時滿足機上乘客,此班機一直都使用2-4-2的廣體客機,家人或雙人情侶的座位選擇,每一次也都非常滿意,在任何季節在飛行時,班機機長以不疾不徐的穩度,得到我與家人和親友的最大信任度,我們大力推荐此航班,給予旅途中的美好印象."
2018年,05月,4,晚去早回可以減少時差調整之時間，機上餐食較合台灣人的口味，百分之九十的空服員都曉中文幾乎沒有語言隔閡，經濟艙座位大小尚稱舒適，只是3-3-3的座位讓雙人情侶不太容易選位
2018年,05月,4,過去曾搭過該班機，未曾誤點。這次搭乘出發時發現誤了半小時，回程時特別注意了航路，發現走了一個很奇怪的路線，不直接脫離台灣島直飛過去，竟繞了台灣屏東後再飛過去。讓人懷疑過去的航線是不是因為要跟大陸叫板，自已限縮了自已。使得到檳城航行時間多了半小時。
2018年,05月,4,從1964年第一次搭乘華航以來，中規中矩，是我對華航一直以來的總體印象，錯誤率少，服務態度佳，小地方、小個案不談，幾乎沒有甚麼可以挑剔的。但在面對市場上其他競爭對手而言，總是覺得缺少點什麼，但又說不上來。總之，多年來讓我願意一直支持華航，可能就是老牌老字號的這塊招牌吧！
2018年,05月,4,1.整體服務品質水準以上。2.航班時點對於自由行旅客非常適合。3.美中不足的是有時會有些延誤。4.服務人員很親切，服務品質很好。
2018年,05月,4,"櫻花季期間玩關西(特別是京都),可考慮名古屋進出,或名古屋進大阪出,機票較便宜且可避開關西機場出關人潮;在名古屋購物人潮也較少."
2018年,05月,4,"台灣唯一直航廣島,但是班機時間不好,買JR PASS關西廣域+廣島,最遠可以到大阪京都,本次旅遊總共去了5個點廣島市區觀光,宮島鳥居,吳大和號&潛水艇,岡山倉敷美觀地區&MITSUI OUTLET,姬路城,唯一缺點前後兩天浪費了。"
2018年,05月,4,之前飛歐洲線是搭到新飛機，這次不是新飛機，機上設備較老舊些。空服員都服務周到，但可能因為航線時間短，服務忙碌，所以笑容較少。有機會的話，會再選擇華航。
2018年,05月,4,還不錯，飛機比較小，但難得有在台南的班機，還滿不錯很方便，旁邊是空軍基地，需搭巴士到飛機旁，起飛會比較陡
2018年,05月,4,出發前搜尋過許多航空公司，11月出發去檀香山，票價比暑假低，不到台幣3萬。相較於去其他國家轉機，華航還是我的首選。在等飛機時發現有不少是來台灣轉機到檀香山的東南亞客或歐洲觀光客。
2018年,05月,4,"飛機做為十分舒適,機商服務員態度也超級棒。幾乎都是有問必答，也會盡力的滿足旅客們的需求。真的很推薦大家"
2018年,05月,4,從check in 開始到在上飛機..再到下飛機..他們的服務人員服務態度都很好！很親切！餐點也不會不好吃！下次還會想搭..但可能不會想在托運行李了??????第一次拖運..行李箱被摔壞...雖然航空公司有賠！但因為行李箱是新買的而且才使用第二次就被摔壞！不知道他們到底是怎麼摔的??而且另一件行李是用行李袋裝的！也是托運...結果東西包好好的 ！結果到台灣後..領完行李回家後發現有東西都掉出去不見了...還蠻誇張的是我的吹風機、鏡子跟噴霧瓶的蓋子和頭都不見了...而且是到家整理行李才發現的...但又因為不可能在特地跑回機場去找..就想說算了...這一次就當學個經驗??????
2018年,05月,4,"高雄出發的班機實在很少,有直飛就已經要謝天謝地了,班機採用的是舊機型,飛行時間約三個半小時,短程航線的飛機餐就不用太講究了,不算太難吃,空服員也都很親切~~"
2018年,05月,4,整體航程還蠻舒適的，以短程航班來說餐點也還可以，服務人員回應服務項目也算快速的，個人還蠻習慣搭華航的。
2018年,05月,4,"去程航程從報到起飛都非常順利,航行中服務及機艙寧靜都感舒適,因為航行時間只有4.5小時在欣賞二片空中電影即到達新加坡,惟回程時在到達台灣準備降低高度過程中竟發生坐飛機以來的狀況,第一次發生頭痛欲裂,非常不舒服,直到降落後才稍有緩解,這天旅程才5天也沒太累,該好好檢討一下身體狀態"
2018年,05月,4,"這班機 (10:10 - 11:45) 時間很好. 不早不晚. 一切都是跟正常航班(不是廉航). 座位OK, 有一餐午餐供應. Check-in 及 機組人員亦是很好. 沒有什麼不好. 下次可以再選."
2018年,04月,4,搭乘天合聯盟中華航空航班飛往沖繩，由於航程時間較短，空中服務及體驗並無特別之處，維持華航一般該有的水準，特別的是Ａ350也加入沖繩這條航線，有機會可享受單人座位的商務座位！讚！
2018年,04月,4,服務親切，班機準時。深圳機場很新，通關速度快。華航可以預先在網上選位及預辦登機，取得登機證，在40分前到KHH機場即可。目前中國海關對台港澳人可以申請快速通關。餐點可口，美味，對比中國的航空公司(如東方/南方)要好很多。
2018年,04月,4,櫃?及機組人員一切服務都很好，因出差關係此班機為台中飛越南最早的班機，機上餐點吃起來中等(不好也不差)，而且吃飽後有好喝的茶或咖啡，也可以打發時間娛樂是看一部電影，因為飛機較小台，所以會共用螢幕，當然有時視角不好，所以只能看報紙或雜誌。因為是經濟艙所以位子不會很大，但機師技術很優，讓人有平穩安心的感覺。
2018年,04月,4,我們是跟團體的，所以不能選位。我太太前方坐了個德國胖，裝睡能力一流。椅背調超低的戴耳機裝聽不見。連用餐時間依然故我。請組員去要求豎直椅背完全不理，組員只能貼符？有用嗎？機上餐食老實說不太好吃。如果組員不能盡到應盡的責任，我不推薦。
2018年,04月,4,4月份到釜山，來回都坐華航，經濟艙，但機體大小不同，帶來感受也不同。去程到釜山是較小的飛機，降落釜山時不斷左右搖擺，機上有不少人都緊張的手扶著座椅，但機長技術顯然不錯，在搖擺中是篤定的落地且很快得穩下來！回程是大飛機，一路上平穩安心。至於機上的服務，我想，經濟艙沒什麼好說的，坐起來沒有擁擠的感覺已經算不錯，至於經濟艙的餐點和服務，雖然本就不抱期待，也不到可以按讚，但至少不會到被嫌的程度，若要挑缺點的話，也僅止於部分座位的螢幕常出現直條紋，但還好我的座位沒有。總之，華航走的是中規中矩的路線，不期不待，不受傷害。
2018年,04月,4,"以前沒做過商務時感覺經濟態度不錯雖然坐位小但是起碼乾該有的都有,回程坐商務艙時我才知道e04勒經濟簡直就是個急難所,位置小餐點差空姐有時候態度也差(或許是我們剛好遇到的不好)娛樂機器還不時當機,但回程時商務的空姐真的是完美服務及態度讓人備感尊榮,座位也是經濟艙的2倍大非常適合在旅遊回程疲憊時搭乘.然後華航在關西機場的商務艙也很好不像其他的貴賓室紅酒威士忌白蘭地址可以喝一杯續杯要加價(是隨便你喝的)飲料種類也多雖然餐點不是很多樣但是夠吃飽,只可惜在關西機場華航無法自助預辦登機(去時自助機器是檔起來的)希望可以開啟使用增加便利性."
2018年,04月,4,台灣到雅加達的航程時間約為5小時半，座位十分的寬敞舒適，在行程地圖中即使是坐在經濟艙說的其實蠻舒服的，供餐的部分是供1餐，提供烈酒及小點心
2018年,04月,4,中華航空在成都機場使用的貴賓室，應是與川航合作。貴賓室空間甚大，餐飲味道雖一般，但種類算多。貴賓室的座位，並有多種不同的設計，可視需要的舒適度選擇。與中國國際航空的貴賓室相較之下，勝出許多。747飛機雖是老飛機，但商務艙的空間夠大，尤其是若選到原頭等艙的座位，更是寬敞。
2018年,04月,4,OKA->TPE，CA123。此班機華航使用A330-300來值飛。空服親切有禮，十分樂於幫忙。但華航的A330機隊本身的硬體設施過於老舊，商務艙使用老式的沙發座椅，個人液晶螢幕亮度、細緻度、靈敏度都不大令人滿意。地勤清潔還有進步的空間，椅縫中遺留有不少碎屑。
2018年,04月,4,空中服務員態度友善，去程航班大致準時，惟回程時一再延誤，不過都是可以理解的。整體而言服務良好，短短一個多小時的航班都有熱餐供應，味道不俗，不過沒有任何選擇。
2018年,04月,4,這躺的2個餐點都還不錯~~空姐服務也很好，座椅空間也還算可以，後來有發過夜包，影音設備蠻新的~影片內容還不錯
2018年,03月,4,非常不滿的是座位的螢幕老舊太小了! 屬與舊型的，我覺得日本籍的空姐服務較真誠親切很讚!我注意新一季制服群居然有開岔小露右大腿喔
2018年,03月,4,第一次搭華航的豪華經濟艙 跟之前搭長榮的比起來 華航的餐點是比較好吃 但是份量也比較少 飲料選擇少很多 長榮的飲料選擇很多還有綠茶和可爾必思 對於不愛酒和可樂的我 多了一些選擇 所以搭華航只好喝果汁和水，在餐點的服務上 長榮是一位位客人問餐點 然後空姐再去端來比較有特別為你準備的感覺 但華航是推著餐車問，娛樂上 華航的娛樂還好 裡面的台灣精選綜藝節目非常的老舊，我有使用付費的網路 速度還可以接受 畢竟在天空上 不可以要求太多 但會覺得費用既然沒有非常高的話 為什麼不給豪華經濟艙的旅客免費使用呢 就包在機票賣就好啦，如果再讓我選擇的話 應該是回去長榮的豪華經濟艙了
2018年,03月,4,常會選擇乘坐中華航空來回台灣， 因為機票價錢較低， 但空服人員服務態度很好 友善 親切 常充滿笑容， 機艙又整潔， 座位舒適， 飛機餐又較合口味， 飛行穩定， 航班準時。
2018年,03月,4,我較常會選擇中華航空， 空服員態度親切 充滿微笑，機艙整潔舒適， 飛機餐味道較合口味，座位舒適， 而且航班較密集來往香港及台灣， 機票價錢較低。
2018年,03月,4,空服員工作熟練，播音超專業。餐飲方面經濟艙，雖然預算有限，但是用心，炒麵裝盒時應該有加水跟油，餐盒微波後，不會黏成一坨，也沒有太乾! 是空廚研發用心! 很感動可以對經濟艙的餐飲如此用心!
2018年,03月,4,"台北出發飛往廣州,機上餐食不錯,竟然有滷排骨飯,餐食不錯,但是服務人員態度不是很好,感覺好像欠她很多,讓這次飛行體驗較不好,機型是777座位很大,電視螢幕也很大!硬體上整個非常好!就服務態度待加強!"
2018年,03月,4,"第一次一個人帶著二隻孩兒挑戰坐長途飛機,很怕孩兒會因為無聊吵鬧,雖說對自家孩兒的個性頗具信心,難免還是有點忐忑,登機後知道每個人都有專屬螢幕放心不少,內容也很豐富,有很多強檔電影.音樂.以及兒童娛樂遊戲,能夠讓孩子開心渡過機上時間,算是對長途飛行的煩悶增添了不少樂趣..."
2018年,03月,4,搭乘商務艙，空服人員服務周到，態度親切，唯獨餐點口味不是這麼地優，座位還算舒適，因為不是大型飛機，這樣算很不錯了。
2018年,03月,4,運氣很好搭到777-300的飛機，座位被安排到可以把腿抬起的位置，空間是比長榮小一些，但螢幕大、餐點好吃、空姐空少都很親切
2018年,03月,4,我在官網購買經濟艙機票，劃位時發現可以劃到2樓的商務艙座位，覺得非常幸運！不過當然實際的餐點服務等，還是依照經濟艙的安排，但能享受電動座椅，寬敞座位，個人電視設備，已經覺得物超所值。華航一切服務都很標準，品質一向穩定，起飛降落時也很穩定，不會有特別感覺，令人覺得安心。推薦大家可以到官網購買機票，碰碰運氣喔！因為我回程也劃到豪華經濟艙座位，波音777客機，設備新穎乾淨，此趟旅程相當舒適。
2018年,03月,4,這次從台南搭機前往大阪，不知道為什麼，去程的飛行時間只有兩個小時多，很可惜台南往大阪只有午去早回的飛機，時間不是很好。這班飛機是左右各三排的座位排列，沒有個人娛樂，空服員服務良好，櫃台報到一切順利。
2018年,03月,4,經濟艙配置為3-3，馬尼拉開櫃時間約為表訂時間的前2.5小時，此航班停靠於馬尼拉機場第一航廈，這個時間的機場非常多人，建議提早到機場或預先辦理網路Check-In，以免耽誤到行程
2018年,03月,4,"以長程班機來說 , 華航的服務品質算是不錯 , 一上飛機就會給你過夜包 , 可以換拖鞋放鬆, 機上的娛樂設施也很棒 , 沒有故障或沒有影像的情形 , 不想睡可以打發時間 , 整體來說服務品質不錯!"
2018年,03月,4,以往出國都是搭長榮班機，這次從台北松山到東京羽田，因為買不到機票，就換了華航，想不到服務也是非常的好，專屬的APP可以直接報到有電子登機證，挺方便的！因為也有辦理快速通關，讓整個日本東京行都非常的順暢，華航的服務也是不錯的，下次出國會再繼續搭華航喔！
2018年,02月,4,為了住高雄的家人我們選了時間比較適合的華航，空服人員很親切，客艙也整潔。機上購物品項不太吸引人，餐點尚可，耳機是入耳式的，當然經濟艙不能要求太多，只是小孩子沒辦法戴，下次要自己準備了。
2018年,02月,4,去過台北無數次，亦選乘過不同的航空公司，始終覺得華航十分不錯，尤其看到近年以香港為基地那兩間航空公司的退步，更覺華航難得。機艙服務員保持到一貫的良好服務及有禮，航班時間選擇亦很多，為何還要選擇那些不斷退步的航空公司呢？
2018年,02月,4,親切的協助行李的放置，旅途中的要求與詢問都可以即時收到回覆。用餐動作比較慢也不會感受到壓力，可以悠閒地一邊吃飯一邊觀看機上娛樂系統提供的電影。
2018年,02月,4,飛關島要3個小時卻用小飛機，遇到亂流超級晃，重點是，飛行技術時好時壞，我去關島兩趟，第一趟(周六出發)遇到的飛行員技術有夠差，落地非常重，第二趟(周三出發)遇到的飛行員技術較好，起飛落地都很平順，至於服務態度...真的要看運氣，第一趟去關島，空服都臭臉，跟乘客說話也好似命令的口吻，第二趟去，空少滿臉笑容....看來周三出發的那班空服員比較和善，飛行員技術也較好......總之搭華航的這條航線，很看運氣....
2018年,02月,4,搭乘國泰往來台港，因為航程短，餐點都是雞肉捲，但華航竟然供應正常餐點，真是嚇壞我了，趕緊用餐以便空服員能順利收餐。覺得華航空服員賞心悅目。剩下就沒什麼特別，畢竟只飛一個小時。
2018年,02月,4,每次去上海幾乎都搭乘中華航空，服務和登機速度都很好，餐點部份口味也不錯，兒童餐部份小孩也喜歡，每次都會拿到給兒童的小禮物，小朋友都很開心，近期搭乘都是小飛機所以沒有影視部份，無法評論。整體來說，華航是不錯的選擇，機師也都飛得穩穩的。
2018年,02月,4,"上了飛機以後,總是覺得比較不舒服,用餐時也比較沒有胃口,但是我建議如果有中華航空公司的會員卡可以到貴賓室的話,千萬別忘了起飛前用個簡餐喝個飲料,然後在飛機上也比較好睡.這裡的餐點包含著開胃菜,主菜,還有隨著日期不同提供的餐飲服務.建議牛肉湯麵非常得好,因為要上飛機不要吃太難消化的東西,所以我建議一些小菜和牛肉湯麵. 大家不妨試試看."
2018年,02月,4,在找尋高雄飛往香港班機時，赫然發現其實選擇不多，國泰港龍和華航，二者價格差不多，為了支持國籍航空，且華航的航班時間較為適當，因此此次班機選擇華航。機濟艙的座位空間原本就小，機上餐點也因飛行時間短，所以沒啥好期待，回程時曾在網路上預約水果餐，但不知哪個環節出錯，機組員沒收到預約，所以只好吃一般餐點，很簡單單純只是填飽肚子。整體而言，搭乘華航不用擔心溝通問題，因為飛行時間短，也就沒甚麼特別的服務。
2018年,02月,4,我真心覺得服務華航真的比長榮好很多.每次出國我幾乎都會選擇華航為優先選擇.希望服務能再繼續怒力加油保持下去
2018年,02月,4,原本很耽心台北飛紐約時間長，但這回搭乘 華航 777，空間感挺好的，在商務艙也滿，經濟艙也很滿的情況下，選擇豪華經濟艙真是令我有物超所值的好感！也或許己習慣華航的服務，也因此備感親切！真的有一種出遠門很放心，回家很窩心的感覺！
2018年,02月,4,華航我搭很多次了，服務都維持ㄧ貫的水準，機上娛樂系統很好，餐點也覺得還行，飛機餐嘛！不用要求那麼高，整體來說不錯.
2018年,02月,4,在4小時的旅行中，登機後，你可以在飛機上吃午飯然後喝一杯，然後準備著陸，所以在飛機上感覺不到很長，沒有任何延遲，這是我第一次把中國航空和第一次去台北
2018年,02月,4,上次搭乘青森-台北(因為是包機的小飛機，位置全滿，座位很小也不能看電影!) 位置太後面的話，餐點會無法選擇；但空服務員服務態度不錯!此次搭機經驗尚可。
2018年,02月,4,座位並不大，但硬體設備完善且新穎，算是新型的飛機。餐點一般般，沒有什麼太特別的口味，是一個蠻普通的搭乘經驗。
2018年,01月,4,劃位櫃檯主動告知隔壁有嬰兒，建議更改原先網路預訂的座位，APP操作方便，但機上餐點普通，也沒主動提供酒類飲品。
2018年,01月,4,飛機餐變滿好吃的，跟我上次坐時吃到的有落差，也比長榮的好點，前次對華航印象差因為空姐紅酒噴到我反應了卻當沒事，這次是沒確認乘客安全帶有無扣上就起飛了!然後每個位子上都沒有耳機要自己找空姐要，不過跟廉航比我想還算可以了!
2018年,01月,4,去程機上水果餐沒有很好，重複性高。回程的水果餐就相對精緻及多樣化。機上服務人員態度佳，面帶笑容。機長升降技術良好，沒有不適。
2018年,01月,4,其實從香港到台北航程這麼短，也沒有太多服務可言。飛機餐正常。航班也算是準時出發準時到達。我們這一程坐的是 A330-300，座位前後間距有點不足，我身高約 174cm，坐得不是最舒服。行李限額 (30kg) 倒是非常足夠。整體來說還是不錯的。
2018年,01月,4,一般的價錢、一般的餐食，機上娛樂系統還不錯。座位大小和伸腿空間都和一般的航空公司差不多。官方網站的訂位修改系統滿方面的。
2018年,01月,4,搭乘中華航空公司的航線出國，地勤人員態度親切客氣有禮貌，對於報到及托運行李等手續都能提供協助，飛行途中如有任何的疑問需求也能立即提供協助，因此出國搭乘中華航空的班機也已經有相當長時間，感覺上整體飛行航程服務都很不錯，是一家值得推薦搭乘的國人航空公司。
2018年,01月,4,這班飛機我在去年搭過，完全準點。但今年元月初我搭時，就晚近半小時開航，航程又比預定飛航時間晚到。回程時，同樣晚半小時出發，底台灣時慢了近一小時。除了飛航時間，其餘還不錯。
2018年,01月,4,一月去北海道札幌搭乘華航，覺得座位小，餐點普通，影音設備比較舊，回程還碰到影音系統故障。朋友1/11札幌回台灣，還碰到大誤點，說機器故障要調班機，發了1500元餐券，等到快12點起飛，凌晨到台灣，真是耗了半天多在機場，真是累到。
2018年,01月,4,印象最深的就是一開始在桃園機場報到時使用自助報到櫃台，要掛行還要去現場報到櫃台掛行李，螢幕顯示更改後的櫃台號卻不知，導致旅客在2道櫃台間穿梭卻無法掛行李，還好這只維持短短5分鐘。機組人員的服務很親切，因為經濟艙又是第2段上機，像耳塞之類的物品皆無法順利取得，就表示不用了，但貼心的機組人員於5分鐘後送上了一組耳塞，非常棒。不知是香港機場班機太多還是期他因素，回程班機原定晚間9點多起飛，也晚了快2小時，抵達台灣將近12點了。總歸整體服務都很好，重要的是個人的行李有40公斤，簡直超棒，出遊時可以安心買。
2018年,01月,4,"此次回台我們預定的是商務艙，但不管是經濟艙還是商務艙每次飛行最傷腦筋的就是機上的餐點，因為我們是預定素食餐，可是都無法好好享受，已經試過不同種類的素食餐，屢試不爽，簡單的炒飯或炒麵都好吃，可是它們的餐都是好奇怪的組合，口味真的不適合我們，實在很難把餐吃完，常常剩下很多，讓我有罪惡感，希望機上的 素食餐應該有所改善,不然真是浪費掉，太可惜了。"
2018年,01月,4,這次從大阪回來剛好坐到BOEING-777的機型，比去程A330不管是座位與螢幕大很多，座位配置是3-4-3，觸控螢幕非常靈敏，提供的飛機餐是日式雞肉飯或豬肉飯，以同樣價位來說，華航大阪航線有不同的機型在飛，可留意挑選777或A350的班次做起來會比較舒適。
2018年,01月,4,中華航空-香港飛台北的班次算是較多，短短兩小時以內的機程也不能要求過高，有提供熱食餐，打開還能見到蔬菜呈綠油油的狀態，感到很驚喜！但機上的電視螢幕較小，需要改善
2018年,01月,4,"我被安排在40E 座位寬敞, 前面沒人只有牆壁. 厭煩的是有些人不繞行空姐準備區或廁所走道, 硬是要從我前面走所以我不停的縮腳伸腳, 根本沒能好好休息, 拜託 ! 這款飛機是新型的飛機內裝是假木作的木紋設計, 非常中式, 廁所還有山水畫, 蠻漂亮的:)可惜的是, 飛機上的毯子感覺很不乾淨, 似乎不像清洗過. 最倒楣的是, 抵達阿姆斯特丹沒幾天我就得了帶狀皰疹我懷疑是在機上被傳染 :'("
2018年,01月,4,"雙十假期, 帶小朋友去日本東京旅行, 回程選搭了中華航空的班機, 我真心覺得, 空勤組員的服務因人而異, 有的組員很熱情, 有的則是依據標準流程再做事情, 也不能說他不好, 只是感覺少了一些溫度, 飛機的機型是舊的 A330, 所以沒有 B777 最新的螢幕解析度, 但是以短途三個小時的航程來說, 還算可以. 因為雙十客滿的關係, 太太升等商務艙, 商務艙的餐點好吃許多. 如果有選擇的話, 會比較推薦新飛機的商務艙給大家參考."
2018年,01月,4,中華航空的服務一直都算不錯，可惜這幾次飛行覺得餐點似乎變差了，每次都有失望的感覺。其他像掛行李、登機、取行李時效則都還不錯。另外貴賓室的品質方面，第二航廈顯著比第一航廈差，第二航廈食物選擇也多很多。
2018年,01月,4,空姐服務親切，A350座椅商務艙採雁狀排列，個人空兼具隱私。餐點很合中國人口味，影視節目選擇多。唯一美中不足的是華航在桃園機場的商務艙貴賓室，當天因為是連假期間，幾乎沒有位置坐，加上貴賓室空間沒有對外窗，因此空間顯得非常侷促。
2018年,01月,4,再次搭華航前往日本；佩服台灣旅客塞行李的功力！特別是回程；可以見視台灣旅客在日本購買力！回程時辛苦的地勤人員還要檢視旅客隨身行李；苦口婆心的拜託改託運（機艙空間有限）幫忙打包，上了飛機…空服員幫忙塞行李！總之華航服務蠻貼心的！我喜歡搭乘華航…
